Data,IBOV
02/01/2018 00:00:00,"77891,00"
03/01/2018 00:00:00,"77995,00"
04/01/2018 00:00:00,"78647,00"
05/01/2018 00:00:00,"79071,00"
08/01/2018 00:00:00,"79379,00"
09/01/2018 00:00:00,"78864,00"
10/01/2018 00:00:00,"78201,00"
11/01/2018 00:00:00,"79365,00"
12/01/2018 00:00:00,"79349,00"
15/01/2018 00:00:00,"79752,00"
16/01/2018 00:00:00,"79832,00"
17/01/2018 00:00:00,"81189,00"
18/01/2018 00:00:00,"80963,00"
19/01/2018 00:00:00,"81220,00"
22/01/2018 00:00:00,"81675,00"
23/01/2018 00:00:00,"80678,00"
24/01/2018 00:00:00,"83680,00"
26/01/2018 00:00:00,"85531,00"
29/01/2018 00:00:00,"84698,00"
30/01/2018 00:00:00,"84482,00"
31/01/2018 00:00:00,"84913,00"
01/02/2018 00:00:00,"85495,00"
02/02/2018 00:00:00,"84041,00"
05/02/2018 00:00:00,"81861,00"
06/02/2018 00:00:00,"83894,00"
07/02/2018 00:00:00,"82767,00"
08/02/2018 00:00:00,"81533,00"
09/02/2018 00:00:00,"80899,00"
14/02/2018 00:00:00,"83543,00"
15/02/2018 00:00:00,"84291,00"
16/02/2018 00:00:00,"84525,00"
19/02/2018 00:00:00,"84793,00"
20/02/2018 00:00:00,"85804,00"
21/02/2018 00:00:00,"86052,00"
22/02/2018 00:00:00,"86686,00"
23/02/2018 00:00:00,"87293,00"
26/02/2018 00:00:00,"87653,00"
27/02/2018 00:00:00,"86935,00"
28/02/2018 00:00:00,"85481,00"
01/03/2018 00:00:00,"85378,00"
02/03/2018 00:00:00,"85761,00"
05/03/2018 00:00:00,"86023,00"
06/03/2018 00:00:00,"85653,00"
07/03/2018 00:00:00,"85484,00"
08/03/2018 00:00:00,"84985,00"
09/03/2018 00:00:00,"86371,00"
12/03/2018 00:00:00,"86900,00"
13/03/2018 00:00:00,"86384,00"
14/03/2018 00:00:00,"86051,00"
15/03/2018 00:00:00,"84928,00"
16/03/2018 00:00:00,"84886,00"
19/03/2018 00:00:00,"83913,00"
20/03/2018 00:00:00,"84164,00"
21/03/2018 00:00:00,"84977,00"
22/03/2018 00:00:00,"84768,00"
23/03/2018 00:00:00,"84377,00"
26/03/2018 00:00:00,"85088,00"
27/03/2018 00:00:00,"83808,00"
28/03/2018 00:00:00,"83874,00"
29/03/2018 00:00:00,"85366,00"
02/04/2018 00:00:00,"84666,00"
03/04/2018 00:00:00,"84623,00"
04/04/2018 00:00:00,"84360,00"
05/04/2018 00:00:00,"85210,00"
06/04/2018 00:00:00,"84820,00"
09/04/2018 00:00:00,"83307,00"
10/04/2018 00:00:00,"84510,00"
11/04/2018 00:00:00,"85246,00"
12/04/2018 00:00:00,"85444,00"
13/04/2018 00:00:00,"84334,00"
16/04/2018 00:00:00,"82862,00"
17/04/2018 00:00:00,"84086,00"
18/04/2018 00:00:00,"85776,00"
19/04/2018 00:00:00,"85824,00"
20/04/2018 00:00:00,"85550,00"
23/04/2018 00:00:00,"85602,00"
24/04/2018 00:00:00,"85469,00"
25/04/2018 00:00:00,"85044,00"
26/04/2018 00:00:00,"86383,00"
27/04/2018 00:00:00,"86445,00"
30/04/2018 00:00:00,"86115,00"
02/05/2018 00:00:00,"84547,00"
03/05/2018 00:00:00,"83288,00"
04/05/2018 00:00:00,"83118,00"
07/05/2018 00:00:00,"82714,00"
08/05/2018 00:00:00,"82956,00"
09/05/2018 00:00:00,"84265,00"
10/05/2018 00:00:00,"85861,00"
11/05/2018 00:00:00,"85220,00"
14/05/2018 00:00:00,"85232,00"
15/05/2018 00:00:00,"85130,00"
16/05/2018 00:00:00,"86537,00"
17/05/2018 00:00:00,"83622,00"
18/05/2018 00:00:00,"83082,00"
21/05/2018 00:00:00,"81815,00"
22/05/2018 00:00:00,"82739,00"
23/05/2018 00:00:00,"80867,00"
24/05/2018 00:00:00,"80122,00"
25/05/2018 00:00:00,"78898,00"
28/05/2018 00:00:00,"75356,00"
29/05/2018 00:00:00,"76072,00"
30/05/2018 00:00:00,"76754,00"
01/06/2018 00:00:00,"77240,00"
04/06/2018 00:00:00,"78596,00"
05/06/2018 00:00:00,"76642,00"
06/06/2018 00:00:00,"76117,00"
07/06/2018 00:00:00,"73851,00"
08/06/2018 00:00:00,"72942,00"
11/06/2018 00:00:00,"72308,00"
12/06/2018 00:00:00,"72754,00"
13/06/2018 00:00:00,"72122,00"
14/06/2018 00:00:00,"71421,00"
15/06/2018 00:00:00,"70758,00"
18/06/2018 00:00:00,"69815,00"
19/06/2018 00:00:00,"71394,00"
20/06/2018 00:00:00,"72123,00"
21/06/2018 00:00:00,"70075,00"
22/06/2018 00:00:00,"70641,00"
25/06/2018 00:00:00,"70953,00"
26/06/2018 00:00:00,"71405,00"
27/06/2018 00:00:00,"70609,00"
28/06/2018 00:00:00,"71767,00"
29/06/2018 00:00:00,"72763,00"
02/07/2018 00:00:00,"72840,00"
03/07/2018 00:00:00,"73668,00"
04/07/2018 00:00:00,"74743,00"
05/07/2018 00:00:00,"74553,00"
06/07/2018 00:00:00,"75010,00"
10/07/2018 00:00:00,"74862,00"
11/07/2018 00:00:00,"74399,00"
12/07/2018 00:00:00,"75856,00"
13/07/2018 00:00:00,"76594,00"
16/07/2018 00:00:00,"76653,00"
17/07/2018 00:00:00,"78130,00"
18/07/2018 00:00:00,"77363,00"
19/07/2018 00:00:00,"77487,00"
20/07/2018 00:00:00,"78571,00"
23/07/2018 00:00:00,"77996,00"
24/07/2018 00:00:00,"79155,00"
25/07/2018 00:00:00,"80218,00"
26/07/2018 00:00:00,"79405,00"
27/07/2018 00:00:00,"79866,00"
30/07/2018 00:00:00,"80276,00"
31/07/2018 00:00:00,"79220,00"
01/08/2018 00:00:00,"79302,00"
02/08/2018 00:00:00,"79637,00"
03/08/2018 00:00:00,"81435,00"
06/08/2018 00:00:00,"81051,00"
07/08/2018 00:00:00,"80347,00"
08/08/2018 00:00:00,"79152,00"
09/08/2018 00:00:00,"78768,00"
10/08/2018 00:00:00,"76514,00"
13/08/2018 00:00:00,"77496,00"
14/08/2018 00:00:00,"78602,00"
15/08/2018 00:00:00,"77078,00"
16/08/2018 00:00:00,"76819,00"
17/08/2018 00:00:00,"76029,00"
20/08/2018 00:00:00,"76328,00"
21/08/2018 00:00:00,"75180,00"
22/08/2018 00:00:00,"76902,00"
23/08/2018 00:00:00,"75634,00"
24/08/2018 00:00:00,"76262,00"
27/08/2018 00:00:00,"77930,00"
28/08/2018 00:00:00,"77473,00"
29/08/2018 00:00:00,"78389,00"
30/08/2018 00:00:00,"76404,00"
31/08/2018 00:00:00,"76678,00"
03/09/2018 00:00:00,"76193,00"
04/09/2018 00:00:00,"74712,00"
05/09/2018 00:00:00,"75092,00"
06/09/2018 00:00:00,"76416,00"
10/09/2018 00:00:00,"76436,00"
11/09/2018 00:00:00,"74657,00"
12/09/2018 00:00:00,"75125,00"
13/09/2018 00:00:00,"74687,00"
14/09/2018 00:00:00,"75429,00"
17/09/2018 00:00:00,"76789,00"
18/09/2018 00:00:00,"78314,00"
19/09/2018 00:00:00,"78169,00"
20/09/2018 00:00:00,"78116,00"
21/09/2018 00:00:00,"79444,00"
24/09/2018 00:00:00,"77984,00"
25/09/2018 00:00:00,"78630,00"
26/09/2018 00:00:00,"78656,00"
27/09/2018 00:00:00,"80000,00"
28/09/2018 00:00:00,"79342,00"
01/10/2018 00:00:00,"78624,00"
02/10/2018 00:00:00,"81612,00"
03/10/2018 00:00:00,"83273,00"
04/10/2018 00:00:00,"82953,00"
05/10/2018 00:00:00,"82322,00"
08/10/2018 00:00:00,"86084,00"
09/10/2018 00:00:00,"86088,00"
10/10/2018 00:00:00,"83679,00"
11/10/2018 00:00:00,"82921,00"
15/10/2018 00:00:00,"83360,00"
16/10/2018 00:00:00,"85718,00"
17/10/2018 00:00:00,"85764,00"
18/10/2018 00:00:00,"83847,00"
19/10/2018 00:00:00,"84220,00"
22/10/2018 00:00:00,"85597,00"
23/10/2018 00:00:00,"85300,00"
24/10/2018 00:00:00,"83064,00"
25/10/2018 00:00:00,"84084,00"
26/10/2018 00:00:00,"85720,00"
29/10/2018 00:00:00,"83797,00"
30/10/2018 00:00:00,"86886,00"
31/10/2018 00:00:00,"87424,00"
01/11/2018 00:00:00,"88419,00"
05/11/2018 00:00:00,"89598,00"
06/11/2018 00:00:00,"88669,00"
07/11/2018 00:00:00,"87714,00"
08/11/2018 00:00:00,"85620,00"
09/11/2018 00:00:00,"85641,00"
12/11/2018 00:00:00,"85525,00"
13/11/2018 00:00:00,"84914,00"
14/11/2018 00:00:00,"85973,00"
16/11/2018 00:00:00,"88515,00"
19/11/2018 00:00:00,"87901,00"
21/11/2018 00:00:00,"87269,00"
22/11/2018 00:00:00,"87477,00"
23/11/2018 00:00:00,"86230,00"
26/11/2018 00:00:00,"85547,00"
27/11/2018 00:00:00,"87891,00"
28/11/2018 00:00:00,"89251,00"
29/11/2018 00:00:00,"89710,00"
30/11/2018 00:00:00,"89504,00"
03/12/2018 00:00:00,"89820,00"
04/12/2018 00:00:00,"88624,00"
05/12/2018 00:00:00,"89040,00"
06/12/2018 00:00:00,"88846,00"
07/12/2018 00:00:00,"88115,00"
10/12/2018 00:00:00,"85915,00"
11/12/2018 00:00:00,"86420,00"
12/12/2018 00:00:00,"86977,00"
13/12/2018 00:00:00,"87838,00"
14/12/2018 00:00:00,"87450,00"
17/12/2018 00:00:00,"86400,00"
18/12/2018 00:00:00,"86610,00"
19/12/2018 00:00:00,"85674,00"
20/12/2018 00:00:00,"85269,00"
21/12/2018 00:00:00,"85697,00"
26/12/2018 00:00:00,"85136,00"
27/12/2018 00:00:00,"85460,00"
28/12/2018 00:00:00,"87887,00"
02/01/2019 00:00:00,"91012,00"
03/01/2019 00:00:00,"91564,00"
04/01/2019 00:00:00,"91841,00"
07/01/2019 00:00:00,"91699,00"
08/01/2019 00:00:00,"92032,00"
09/01/2019 00:00:00,"93613,00"
10/01/2019 00:00:00,"93806,00"
11/01/2019 00:00:00,"93658,00"
14/01/2019 00:00:00,"94474,00"
15/01/2019 00:00:00,"94056,00"
16/01/2019 00:00:00,"94393,00"
17/01/2019 00:00:00,"95351,00"
18/01/2019 00:00:00,"96097,00"
21/01/2019 00:00:00,"96010,00"
22/01/2019 00:00:00,"95103,00"
23/01/2019 00:00:00,"96558,00"
24/01/2019 00:00:00,"97677,00"
28/01/2019 00:00:00,"95444,00"
29/01/2019 00:00:00,"95639,00"
30/01/2019 00:00:00,"96996,00"
31/01/2019 00:00:00,"97394,00"
01/02/2019 00:00:00,"97861,00"
04/02/2019 00:00:00,"98589,00"
05/02/2019 00:00:00,"98311,00"
06/02/2019 00:00:00,"94636,00"
07/02/2019 00:00:00,"94406,00"
08/02/2019 00:00:00,"95343,00"
11/02/2019 00:00:00,"94413,00"
12/02/2019 00:00:00,"96168,00"
13/02/2019 00:00:00,"95842,00"
14/02/2019 00:00:00,"98015,00"
15/02/2019 00:00:00,"97526,00"
18/02/2019 00:00:00,"96510,00"
19/02/2019 00:00:00,"97659,00"
20/02/2019 00:00:00,"96545,00"
21/02/2019 00:00:00,"96932,00"
22/02/2019 00:00:00,"97886,00"
25/02/2019 00:00:00,"97240,00"
26/02/2019 00:00:00,"97603,00"
27/02/2019 00:00:00,"97307,00"
28/02/2019 00:00:00,"95584,00"
01/03/2019 00:00:00,"94604,00"
06/03/2019 00:00:00,"94217,00"
07/03/2019 00:00:00,"94340,00"
08/03/2019 00:00:00,"95365,00"
11/03/2019 00:00:00,"98027,00"
12/03/2019 00:00:00,"97828,00"
13/03/2019 00:00:00,"98904,00"
14/03/2019 00:00:00,"98605,00"
15/03/2019 00:00:00,"99137,00"
18/03/2019 00:00:00,"99994,00"
19/03/2019 00:00:00,"99588,00"
20/03/2019 00:00:00,"98041,00"
21/03/2019 00:00:00,"96729,00"
22/03/2019 00:00:00,"93735,00"
25/03/2019 00:00:00,"93662,00"
26/03/2019 00:00:00,"95307,00"
27/03/2019 00:00:00,"91903,00"
28/03/2019 00:00:00,"94389,00"
29/03/2019 00:00:00,"95415,00"
01/04/2019 00:00:00,"96054,00"
02/04/2019 00:00:00,"95387,00"
03/04/2019 00:00:00,"94491,00"
04/04/2019 00:00:00,"96313,00"
05/04/2019 00:00:00,"97108,00"
08/04/2019 00:00:00,"97369,00"
09/04/2019 00:00:00,"96292,00"
10/04/2019 00:00:00,"95953,00"
11/04/2019 00:00:00,"94755,00"
12/04/2019 00:00:00,"92875,00"
15/04/2019 00:00:00,"93083,00"
16/04/2019 00:00:00,"94333,00"
17/04/2019 00:00:00,"93285,00"
18/04/2019 00:00:00,"94578,00"
22/04/2019 00:00:00,"94588,00"
23/04/2019 00:00:00,"95923,00"
24/04/2019 00:00:00,"95045,00"
25/04/2019 00:00:00,"96552,00"
26/04/2019 00:00:00,"96236,00"
29/04/2019 00:00:00,"96188,00"
30/04/2019 00:00:00,"96353,00"
02/05/2019 00:00:00,"95528,00"
03/05/2019 00:00:00,"96008,00"
06/05/2019 00:00:00,"95009,00"
07/05/2019 00:00:00,"94389,00"
08/05/2019 00:00:00,"95597,00"
09/05/2019 00:00:00,"94808,00"
10/05/2019 00:00:00,"94258,00"
13/05/2019 00:00:00,"91727,00"
14/05/2019 00:00:00,"92092,00"
15/05/2019 00:00:00,"91623,00"
16/05/2019 00:00:00,"90024,00"
17/05/2019 00:00:00,"89993,00"
20/05/2019 00:00:00,"91946,00"
21/05/2019 00:00:00,"94485,00"
22/05/2019 00:00:00,"94361,00"
23/05/2019 00:00:00,"93910,00"
24/05/2019 00:00:00,"93628,00"
27/05/2019 00:00:00,"94864,00"
28/05/2019 00:00:00,"96393,00"
29/05/2019 00:00:00,"96567,00"
30/05/2019 00:00:00,"97457,00"
31/05/2019 00:00:00,"97030,00"
03/06/2019 00:00:00,"97020,00"
04/06/2019 00:00:00,"97380,00"
05/06/2019 00:00:00,"95999,00"
06/06/2019 00:00:00,"97205,00"
07/06/2019 00:00:00,"97821,00"
10/06/2019 00:00:00,"97467,00"
11/06/2019 00:00:00,"98960,00"
12/06/2019 00:00:00,"98321,00"
13/06/2019 00:00:00,"98774,00"
14/06/2019 00:00:00,"98040,00"
17/06/2019 00:00:00,"97623,00"
18/06/2019 00:00:00,"99404,00"
19/06/2019 00:00:00,"100303,00"
21/06/2019 00:00:00,"102013,00"
24/06/2019 00:00:00,"102062,00"
25/06/2019 00:00:00,"100093,00"
26/06/2019 00:00:00,"100689,00"
27/06/2019 00:00:00,"100724,00"
28/06/2019 00:00:00,"100967,00"
01/07/2019 00:00:00,"101340,00"
02/07/2019 00:00:00,"100605,00"
03/07/2019 00:00:00,"102043,00"
04/07/2019 00:00:00,"103636,00"
05/07/2019 00:00:00,"104089,00"
08/07/2019 00:00:00,"104530,00"
10/07/2019 00:00:00,"105817,00"
11/07/2019 00:00:00,"105146,00"
12/07/2019 00:00:00,"103906,00"
15/07/2019 00:00:00,"103803,00"
16/07/2019 00:00:00,"103775,00"
17/07/2019 00:00:00,"103856,00"
18/07/2019 00:00:00,"104717,00"
19/07/2019 00:00:00,"103452,00"
22/07/2019 00:00:00,"103949,00"
23/07/2019 00:00:00,"103704,00"
24/07/2019 00:00:00,"104120,00"
25/07/2019 00:00:00,"102655,00"
26/07/2019 00:00:00,"102819,00"
29/07/2019 00:00:00,"103483,00"
30/07/2019 00:00:00,"102933,00"
31/07/2019 00:00:00,"101812,00"
01/08/2019 00:00:00,"102126,00"
02/08/2019 00:00:00,"102674,00"
05/08/2019 00:00:00,"100098,00"
06/08/2019 00:00:00,"102164,00"
07/08/2019 00:00:00,"102782,00"
08/08/2019 00:00:00,"104115,00"
09/08/2019 00:00:00,"103996,00"
12/08/2019 00:00:00,"101915,00"
13/08/2019 00:00:00,"103299,00"
14/08/2019 00:00:00,"100258,00"
15/08/2019 00:00:00,"99057,00"
16/08/2019 00:00:00,"99806,00"
19/08/2019 00:00:00,"99469,00"
20/08/2019 00:00:00,"99222,00"
21/08/2019 00:00:00,"101202,00"
22/08/2019 00:00:00,"100011,00"
23/08/2019 00:00:00,"97667,00"
26/08/2019 00:00:00,"96430,00"
27/08/2019 00:00:00,"97276,00"
28/08/2019 00:00:00,"98194,00"
29/08/2019 00:00:00,"100524,00"
30/08/2019 00:00:00,"101135,00"
02/09/2019 00:00:00,"100626,00"
03/09/2019 00:00:00,"99681,00"
04/09/2019 00:00:00,"101201,00"
05/09/2019 00:00:00,"102243,00"
06/09/2019 00:00:00,"102935,00"
09/09/2019 00:00:00,"103181,00"
10/09/2019 00:00:00,"103032,00"
11/09/2019 00:00:00,"103446,00"
12/09/2019 00:00:00,"104371,00"
13/09/2019 00:00:00,"103501,00"
16/09/2019 00:00:00,"103680,00"
17/09/2019 00:00:00,"104617,00"
18/09/2019 00:00:00,"104532,00"
19/09/2019 00:00:00,"104339,00"
20/09/2019 00:00:00,"104817,00"
23/09/2019 00:00:00,"104638,00"
24/09/2019 00:00:00,"103876,00"
25/09/2019 00:00:00,"104481,00"
26/09/2019 00:00:00,"105319,00"
27/09/2019 00:00:00,"105078,00"
30/09/2019 00:00:00,"104745,00"
01/10/2019 00:00:00,"104053,00"
02/10/2019 00:00:00,"101031,00"
03/10/2019 00:00:00,"101516,00"
04/10/2019 00:00:00,"102551,00"
07/10/2019 00:00:00,"100573,00"
08/10/2019 00:00:00,"99981,00"
09/10/2019 00:00:00,"101249,00"
10/10/2019 00:00:00,"101817,00"
11/10/2019 00:00:00,"103832,00"
14/10/2019 00:00:00,"104302,00"
15/10/2019 00:00:00,"104490,00"
16/10/2019 00:00:00,"105423,00"
17/10/2019 00:00:00,"105016,00"
18/10/2019 00:00:00,"104729,00"
21/10/2019 00:00:00,"106022,00"
22/10/2019 00:00:00,"107381,00"
23/10/2019 00:00:00,"107544,00"
24/10/2019 00:00:00,"106986,00"
25/10/2019 00:00:00,"107364,00"
28/10/2019 00:00:00,"108187,00"
29/10/2019 00:00:00,"107556,00"
30/10/2019 00:00:00,"108408,00"
31/10/2019 00:00:00,"107220,00"
01/11/2019 00:00:00,"108196,00"
04/11/2019 00:00:00,"108601,00"
05/11/2019 00:00:00,"108451,00"
06/11/2019 00:00:00,"108336,00"
07/11/2019 00:00:00,"109581,00"
08/11/2019 00:00:00,"107629,00"
11/11/2019 00:00:00,"108215,00"
12/11/2019 00:00:00,"106785,00"
13/11/2019 00:00:00,"105914,00"
14/11/2019 00:00:00,"106557,00"
18/11/2019 00:00:00,"106347,00"
19/11/2019 00:00:00,"105618,00"
21/11/2019 00:00:00,"107497,00"
22/11/2019 00:00:00,"108692,00"
25/11/2019 00:00:00,"108424,00"
26/11/2019 00:00:00,"107059,00"
27/11/2019 00:00:00,"107708,00"
28/11/2019 00:00:00,"108290,00"
29/11/2019 00:00:00,"108233,00"
02/12/2019 00:00:00,"109061,00"
03/12/2019 00:00:00,"108956,00"
04/12/2019 00:00:00,"110301,00"
05/12/2019 00:00:00,"110622,00"
06/12/2019 00:00:00,"111126,00"
09/12/2019 00:00:00,"110977,00"
10/12/2019 00:00:00,"110672,00"
11/12/2019 00:00:00,"110964,00"
12/12/2019 00:00:00,"112200,00"
13/12/2019 00:00:00,"112565,00"
16/12/2019 00:00:00,"111896,00"
17/12/2019 00:00:00,"112616,00"
18/12/2019 00:00:00,"114315,00"
19/12/2019 00:00:00,"115131,00"
20/12/2019 00:00:00,"115121,00"
23/12/2019 00:00:00,"115863,00"
26/12/2019 00:00:00,"117203,00"
27/12/2019 00:00:00,"116534,00"
30/12/2019 00:00:00,"115964,00"
02/01/2020 00:00:00,"118573,00"
03/01/2020 00:00:00,"117707,00"
06/01/2020 00:00:00,"116878,00"
07/01/2020 00:00:00,"116662,00"
08/01/2020 00:00:00,"116247,00"
09/01/2020 00:00:00,"115947,00"
10/01/2020 00:00:00,"115503,00"
13/01/2020 00:00:00,"117325,00"
14/01/2020 00:00:00,"117632,00"
15/01/2020 00:00:00,"116414,00"
16/01/2020 00:00:00,"116704,00"
17/01/2020 00:00:00,"118478,00"
20/01/2020 00:00:00,"118862,00"
21/01/2020 00:00:00,"117026,00"
22/01/2020 00:00:00,"118391,00"
23/01/2020 00:00:00,"119528,00"
24/01/2020 00:00:00,"118376,00"
27/01/2020 00:00:00,"114482,00"
28/01/2020 00:00:00,"116479,00"
29/01/2020 00:00:00,"115385,00"
30/01/2020 00:00:00,"115528,00"
31/01/2020 00:00:00,"113761,00"
03/02/2020 00:00:00,"114629,00"
04/02/2020 00:00:00,"115557,00"
05/02/2020 00:00:00,"116028,00"
06/02/2020 00:00:00,"115190,00"
07/02/2020 00:00:00,"113770,00"
10/02/2020 00:00:00,"112570,00"
11/02/2020 00:00:00,"115371,00"
12/02/2020 00:00:00,"116674,00"
13/02/2020 00:00:00,"115662,00"
14/02/2020 00:00:00,"114381,00"
17/02/2020 00:00:00,"115309,00"
18/02/2020 00:00:00,"114977,00"
19/02/2020 00:00:00,"116518,00"
20/02/2020 00:00:00,"114586,00"
21/02/2020 00:00:00,"113681,00"
26/02/2020 00:00:00,"105718,00"
27/02/2020 00:00:00,"102984,00"
28/02/2020 00:00:00,"104172,00"
02/03/2020 00:00:00,"106625,00"
03/03/2020 00:00:00,"105537,00"
04/03/2020 00:00:00,"107224,00"
05/03/2020 00:00:00,"102233,00"
06/03/2020 00:00:00,"97997,00"
09/03/2020 00:00:00,"86067,00"
10/03/2020 00:00:00,"92214,00"
11/03/2020 00:00:00,"85171,00"
12/03/2020 00:00:00,"72583,00"
13/03/2020 00:00:00,"82678,00"
16/03/2020 00:00:00,"71168,00"
17/03/2020 00:00:00,"74617,00"
18/03/2020 00:00:00,"66895,00"
19/03/2020 00:00:00,"68332,00"
20/03/2020 00:00:00,"67069,00"
23/03/2020 00:00:00,"63570,00"
24/03/2020 00:00:00,"69729,00"
25/03/2020 00:00:00,"74956,00"
26/03/2020 00:00:00,"77710,00"
27/03/2020 00:00:00,"73429,00"
30/03/2020 00:00:00,"74640,00"
31/03/2020 00:00:00,"73020,00"
01/04/2020 00:00:00,"70967,00"
02/04/2020 00:00:00,"72253,00"
03/04/2020 00:00:00,"69538,00"
06/04/2020 00:00:00,"74073,00"
07/04/2020 00:00:00,"76358,00"
08/04/2020 00:00:00,"78625,00"
09/04/2020 00:00:00,"77682,00"
13/04/2020 00:00:00,"78836,00"
14/04/2020 00:00:00,"79918,00"
15/04/2020 00:00:00,"78831,00"
16/04/2020 00:00:00,"77812,00"
17/04/2020 00:00:00,"78990,00"
20/04/2020 00:00:00,"78973,00"
22/04/2020 00:00:00,"80687,00"
23/04/2020 00:00:00,"79673,00"
24/04/2020 00:00:00,"75331,00"
27/04/2020 00:00:00,"78239,00"
28/04/2020 00:00:00,"81312,00"
29/04/2020 00:00:00,"83171,00"
30/04/2020 00:00:00,"80506,00"
04/05/2020 00:00:00,"78876,00"
05/05/2020 00:00:00,"79471,00"
06/05/2020 00:00:00,"79064,00"
07/05/2020 00:00:00,"78119,00"
08/05/2020 00:00:00,"80263,00"
11/05/2020 00:00:00,"79065,00"
12/05/2020 00:00:00,"77872,00"
13/05/2020 00:00:00,"77772,00"
14/05/2020 00:00:00,"79011,00"
15/05/2020 00:00:00,"77557,00"
18/05/2020 00:00:00,"81194,00"
19/05/2020 00:00:00,"80742,00"
20/05/2020 00:00:00,"81319,00"
21/05/2020 00:00:00,"83027,00"
22/05/2020 00:00:00,"82173,00"
25/05/2020 00:00:00,"85663,00"
26/05/2020 00:00:00,"85469,00"
27/05/2020 00:00:00,"87946,00"
28/05/2020 00:00:00,"86949,00"
29/05/2020 00:00:00,"87403,00"
01/06/2020 00:00:00,"88620,00"
02/06/2020 00:00:00,"91046,00"
03/06/2020 00:00:00,"93002,00"
04/06/2020 00:00:00,"93829,00"
05/06/2020 00:00:00,"94637,00"
08/06/2020 00:00:00,"97645,00"
09/06/2020 00:00:00,"96747,00"
10/06/2020 00:00:00,"94686,00"
12/06/2020 00:00:00,"92795,00"
15/06/2020 00:00:00,"92376,00"
16/06/2020 00:00:00,"93531,00"
17/06/2020 00:00:00,"95547,00"
18/06/2020 00:00:00,"96125,00"
19/06/2020 00:00:00,"96572,00"
22/06/2020 00:00:00,"95336,00"
23/06/2020 00:00:00,"95975,00"
24/06/2020 00:00:00,"94377,00"
25/06/2020 00:00:00,"95983,00"
26/06/2020 00:00:00,"93834,00"
29/06/2020 00:00:00,"95735,00"
30/06/2020 00:00:00,"95056,00"
01/07/2020 00:00:00,"96203,00"
02/07/2020 00:00:00,"96235,00"
03/07/2020 00:00:00,"96765,00"
06/07/2020 00:00:00,"98937,00"
07/07/2020 00:00:00,"97761,00"
08/07/2020 00:00:00,"99770,00"
09/07/2020 00:00:00,"99160,00"
10/07/2020 00:00:00,"100032,00"
13/07/2020 00:00:00,"98697,00"
14/07/2020 00:00:00,"100440,00"
15/07/2020 00:00:00,"101791,00"
16/07/2020 00:00:00,"100553,00"
17/07/2020 00:00:00,"102888,00"
20/07/2020 00:00:00,"104426,00"
21/07/2020 00:00:00,"104310,00"
22/07/2020 00:00:00,"104290,00"
23/07/2020 00:00:00,"102293,00"
24/07/2020 00:00:00,"102382,00"
27/07/2020 00:00:00,"104477,00"
28/07/2020 00:00:00,"104109,00"
29/07/2020 00:00:00,"105605,00"
30/07/2020 00:00:00,"105009,00"
31/07/2020 00:00:00,"102912,00"
03/08/2020 00:00:00,"102830,00"
04/08/2020 00:00:00,"101216,00"
05/08/2020 00:00:00,"102802,00"
06/08/2020 00:00:00,"104126,00"
07/08/2020 00:00:00,"102776,00"
10/08/2020 00:00:00,"103444,00"
11/08/2020 00:00:00,"102174,00"
12/08/2020 00:00:00,"102118,00"
13/08/2020 00:00:00,"100461,00"
14/08/2020 00:00:00,"101353,00"
17/08/2020 00:00:00,"99595,00"
18/08/2020 00:00:00,"102065,00"
19/08/2020 00:00:00,"100854,00"
20/08/2020 00:00:00,"101468,00"
21/08/2020 00:00:00,"101521,00"
24/08/2020 00:00:00,"102298,00"
25/08/2020 00:00:00,"102118,00"
26/08/2020 00:00:00,"100627,00"
27/08/2020 00:00:00,"100624,00"
28/08/2020 00:00:00,"102143,00"
31/08/2020 00:00:00,"99369,00"
01/09/2020 00:00:00,"102168,00"
02/09/2020 00:00:00,"101911,00"
03/09/2020 00:00:00,"100721,00"
04/09/2020 00:00:00,"101242,00"
08/09/2020 00:00:00,"100050,00"
09/09/2020 00:00:00,"101292,00"
10/09/2020 00:00:00,"98835,00"
11/09/2020 00:00:00,"98363,00"
14/09/2020 00:00:00,"100275,00"
15/09/2020 00:00:00,"100298,00"
16/09/2020 00:00:00,"99676,00"
17/09/2020 00:00:00,"100098,00"
18/09/2020 00:00:00,"98290,00"
21/09/2020 00:00:00,"96991,00"
22/09/2020 00:00:00,"97294,00"
23/09/2020 00:00:00,"95735,00"
24/09/2020 00:00:00,"97012,00"
25/09/2020 00:00:00,"96999,00"
28/09/2020 00:00:00,"94666,00"
29/09/2020 00:00:00,"93580,00"
30/09/2020 00:00:00,"94603,00"
01/10/2020 00:00:00,"95479,00"
02/10/2020 00:00:00,"94016,00"
05/10/2020 00:00:00,"96089,00"
06/10/2020 00:00:00,"95615,00"
07/10/2020 00:00:00,"95526,00"
08/10/2020 00:00:00,"97920,00"
09/10/2020 00:00:00,"97483,00"
13/10/2020 00:00:00,"98503,00"
14/10/2020 00:00:00,"99334,00"
15/10/2020 00:00:00,"99054,00"
16/10/2020 00:00:00,"98309,00"
19/10/2020 00:00:00,"98658,00"
20/10/2020 00:00:00,"100540,00"
21/10/2020 00:00:00,"100552,00"
22/10/2020 00:00:00,"101918,00"
23/10/2020 00:00:00,"101260,00"
26/10/2020 00:00:00,"101017,00"
27/10/2020 00:00:00,"99606,00"
28/10/2020 00:00:00,"95369,00"
29/10/2020 00:00:00,"96582,00"
30/10/2020 00:00:00,"93952,00"
03/11/2020 00:00:00,"95587,00"
04/11/2020 00:00:00,"97811,00"
05/11/2020 00:00:00,"100774,00"
06/11/2020 00:00:00,"100799,00"
09/11/2020 00:00:00,"103913,00"
10/11/2020 00:00:00,"105351,00"
11/11/2020 00:00:00,"104532,00"
12/11/2020 00:00:00,"102175,00"
13/11/2020 00:00:00,"104512,00"
16/11/2020 00:00:00,"106430,00"
17/11/2020 00:00:00,"107229,00"
18/11/2020 00:00:00,"106483,00"
19/11/2020 00:00:00,"106517,00"
23/11/2020 00:00:00,"107379,00"
24/11/2020 00:00:00,"109786,00"
25/11/2020 00:00:00,"110133,00"
26/11/2020 00:00:00,"110227,00"
27/11/2020 00:00:00,"110575,00"
30/11/2020 00:00:00,"108888,00"
01/12/2020 00:00:00,"111335,00"
02/12/2020 00:00:00,"111814,00"
03/12/2020 00:00:00,"112919,00"
04/12/2020 00:00:00,"113682,00"
07/12/2020 00:00:00,"113625,00"
08/12/2020 00:00:00,"113571,00"
09/12/2020 00:00:00,"112722,00"
10/12/2020 00:00:00,"114992,00"
11/12/2020 00:00:00,"115323,00"
14/12/2020 00:00:00,"114975,00"
15/12/2020 00:00:00,"116146,00"
16/12/2020 00:00:00,"117947,00"
17/12/2020 00:00:00,"118157,00"
18/12/2020 00:00:00,"117679,00"
21/12/2020 00:00:00,"116016,00"
22/12/2020 00:00:00,"116348,00"
23/12/2020 00:00:00,"117857,00"
28/12/2020 00:00:00,"119051,00"
29/12/2020 00:00:00,"119475,00"
30/12/2020 00:00:00,"119306,00"
04/01/2021 00:00:00,"118558,00"
05/01/2021 00:00:00,"119223,00"
06/01/2021 00:00:00,"119851,00"
07/01/2021 00:00:00,"121956,00"
08/01/2021 00:00:00,"125077,00"
11/01/2021 00:00:00,"122807,00"
12/01/2021 00:00:00,"123998,00"
13/01/2021 00:00:00,"122040,00"
14/01/2021 00:00:00,"123481,00"
15/01/2021 00:00:00,"120502,00"
18/01/2021 00:00:00,"121242,00"
19/01/2021 00:00:00,"120673,00"
20/01/2021 00:00:00,"119708,00"
21/01/2021 00:00:00,"118443,00"
22/01/2021 00:00:00,"117172,00"
26/01/2021 00:00:00,"116464,00"
27/01/2021 00:00:00,"115882,00"
28/01/2021 00:00:00,"119314,00"
29/01/2021 00:00:00,"116007,00"
01/02/2021 00:00:00,"117365,00"
02/02/2021 00:00:00,"118234,00"
03/02/2021 00:00:00,"119725,00"
04/02/2021 00:00:00,"119261,00"
05/02/2021 00:00:00,"119925,00"
08/02/2021 00:00:00,"119516,00"
09/02/2021 00:00:00,"119429,00"
10/02/2021 00:00:00,"118430,00"
11/02/2021 00:00:00,"119235,00"
12/02/2021 00:00:00,"119116,00"
17/02/2021 00:00:00,"120391,00"
18/02/2021 00:00:00,"119140,00"
19/02/2021 00:00:00,"118748,00"
22/02/2021 00:00:00,"112668,00"
23/02/2021 00:00:00,"115227,00"
24/02/2021 00:00:00,"115668,00"
25/02/2021 00:00:00,"112256,00"
26/02/2021 00:00:00,"110035,00"
01/03/2021 00:00:00,"110335,00"
02/03/2021 00:00:00,"111540,00"
03/03/2021 00:00:00,"111184,00"
04/03/2021 00:00:00,"112690,00"
05/03/2021 00:00:00,"115202,00"
08/03/2021 00:00:00,"110612,00"
09/03/2021 00:00:00,"111331,00"
10/03/2021 00:00:00,"112776,00"
11/03/2021 00:00:00,"114984,00"
12/03/2021 00:00:00,"114160,00"
15/03/2021 00:00:00,"114851,00"
16/03/2021 00:00:00,"114019,00"
17/03/2021 00:00:00,"116549,00"
18/03/2021 00:00:00,"114835,00"
19/03/2021 00:00:00,"116222,00"
22/03/2021 00:00:00,"114979,00"
23/03/2021 00:00:00,"113262,00"
24/03/2021 00:00:00,"112064,00"
25/03/2021 00:00:00,"113750,00"
26/03/2021 00:00:00,"114781,00"
29/03/2021 00:00:00,"115419,00"
30/03/2021 00:00:00,"116850,00"
31/03/2021 00:00:00,"116634,00"
01/04/2021 00:00:00,"115253,00"
05/04/2021 00:00:00,"117518,00"
06/04/2021 00:00:00,"117499,00"
07/04/2021 00:00:00,"117624,00"
08/04/2021 00:00:00,"118313,00"
09/04/2021 00:00:00,"117670,00"
12/04/2021 00:00:00,"118812,00"
13/04/2021 00:00:00,"119297,00"
14/04/2021 00:00:00,"120295,00"
15/04/2021 00:00:00,"120701,00"
16/04/2021 00:00:00,"121114,00"
19/04/2021 00:00:00,"120934,00"
20/04/2021 00:00:00,"120062,00"
22/04/2021 00:00:00,"119371,00"
23/04/2021 00:00:00,"120530,00"
26/04/2021 00:00:00,"120595,00"
27/04/2021 00:00:00,"119388,00"
28/04/2021 00:00:00,"121053,00"
29/04/2021 00:00:00,"120066,00"
30/04/2021 00:00:00,"118894,00"
03/05/2021 00:00:00,"119209,00"
04/05/2021 00:00:00,"117712,00"
05/05/2021 00:00:00,"119564,00"
06/05/2021 00:00:00,"119921,00"
07/05/2021 00:00:00,"122038,00"
10/05/2021 00:00:00,"121909,00"
11/05/2021 00:00:00,"122964,00"
12/05/2021 00:00:00,"119710,00"
13/05/2021 00:00:00,"120706,00"
14/05/2021 00:00:00,"121881,00"
17/05/2021 00:00:00,"122938,00"
18/05/2021 00:00:00,"122980,00"
19/05/2021 00:00:00,"122636,00"
20/05/2021 00:00:00,"122701,00"
21/05/2021 00:00:00,"122592,00"
24/05/2021 00:00:00,"124032,00"
25/05/2021 00:00:00,"122988,00"
26/05/2021 00:00:00,"123989,00"
27/05/2021 00:00:00,"124367,00"
28/05/2021 00:00:00,"125561,00"
31/05/2021 00:00:00,"126216,00"
01/06/2021 00:00:00,"128267,00"
02/06/2021 00:00:00,"129601,00"
04/06/2021 00:00:00,"130126,00"
07/06/2021 00:00:00,"130776,00"
08/06/2021 00:00:00,"129787,00"
09/06/2021 00:00:00,"129907,00"
10/06/2021 00:00:00,"130076,00"
11/06/2021 00:00:00,"129441,00"
14/06/2021 00:00:00,"130208,00"
15/06/2021 00:00:00,"130091,00"
16/06/2021 00:00:00,"129259,00"
17/06/2021 00:00:00,"128057,00"
18/06/2021 00:00:00,"128405,00"
21/06/2021 00:00:00,"129265,00"
22/06/2021 00:00:00,"128767,00"
23/06/2021 00:00:00,"128428,00"
24/06/2021 00:00:00,"129514,00"
25/06/2021 00:00:00,"127256,00"
28/06/2021 00:00:00,"127429,00"
29/06/2021 00:00:00,"127327,00"
30/06/2021 00:00:00,"126802,00"
01/07/2021 00:00:00,"125666,00"
02/07/2021 00:00:00,"127622,00"
05/07/2021 00:00:00,"126920,00"
06/07/2021 00:00:00,"125095,00"
07/07/2021 00:00:00,"127019,00"
08/07/2021 00:00:00,"125428,00"
12/07/2021 00:00:00,"127594,00"
13/07/2021 00:00:00,"128168,00"
14/07/2021 00:00:00,"128407,00"
15/07/2021 00:00:00,"127468,00"
16/07/2021 00:00:00,"125960,00"
19/07/2021 00:00:00,"124395,00"
20/07/2021 00:00:00,"125401,00"
21/07/2021 00:00:00,"125929,00"
22/07/2021 00:00:00,"126147,00"
23/07/2021 00:00:00,"125053,00"
26/07/2021 00:00:00,"126004,00"
27/07/2021 00:00:00,"124612,00"
28/07/2021 00:00:00,"126286,00"
29/07/2021 00:00:00,"125675,00"
30/07/2021 00:00:00,"121801,00"
02/08/2021 00:00:00,"122516,00"
03/08/2021 00:00:00,"123577,00"
04/08/2021 00:00:00,"121801,00"
05/08/2021 00:00:00,"121633,00"
06/08/2021 00:00:00,"122810,00"
09/08/2021 00:00:00,"123019,00"
10/08/2021 00:00:00,"122202,00"
11/08/2021 00:00:00,"122056,00"
12/08/2021 00:00:00,"120701,00"
13/08/2021 00:00:00,"121194,00"
16/08/2021 00:00:00,"119180,00"
17/08/2021 00:00:00,"117904,00"
18/08/2021 00:00:00,"116643,00"
19/08/2021 00:00:00,"117165,00"
20/08/2021 00:00:00,"118053,00"
23/08/2021 00:00:00,"117472,00"
24/08/2021 00:00:00,"120211,00"
25/08/2021 00:00:00,"120818,00"
26/08/2021 00:00:00,"118724,00"
27/08/2021 00:00:00,"120678,00"
30/08/2021 00:00:00,"119740,00"
31/08/2021 00:00:00,"118781,00"
01/09/2021 00:00:00,"119396,00"
02/09/2021 00:00:00,"116677,00"
03/09/2021 00:00:00,"116933,00"
06/09/2021 00:00:00,"117869,00"
08/09/2021 00:00:00,"113413,00"
09/09/2021 00:00:00,"115361,00"
10/09/2021 00:00:00,"114286,00"
13/09/2021 00:00:00,"116404,00"
14/09/2021 00:00:00,"116181,00"
15/09/2021 00:00:00,"115063,00"
16/09/2021 00:00:00,"113794,00"
17/09/2021 00:00:00,"111439,00"
20/09/2021 00:00:00,"108844,00"
21/09/2021 00:00:00,"110250,00"
22/09/2021 00:00:00,"112282,00"
23/09/2021 00:00:00,"114064,00"
24/09/2021 00:00:00,"113283,00"
27/09/2021 00:00:00,"113583,00"
28/09/2021 00:00:00,"110124,00"
29/09/2021 00:00:00,"111107,00"
30/09/2021 00:00:00,"110979,00"
01/10/2021 00:00:00,"112900,00"
04/10/2021 00:00:00,"110393,00"
05/10/2021 00:00:00,"110458,00"
06/10/2021 00:00:00,"110560,00"
07/10/2021 00:00:00,"110585,00"
08/10/2021 00:00:00,"112833,00"
11/10/2021 00:00:00,"112180,00"
13/10/2021 00:00:00,"113456,00"
14/10/2021 00:00:00,"113185,00"
15/10/2021 00:00:00,"114648,00"
18/10/2021 00:00:00,"114428,00"
19/10/2021 00:00:00,"110673,00"
20/10/2021 00:00:00,"110786,00"
21/10/2021 00:00:00,"107735,00"
22/10/2021 00:00:00,"106296,00"
25/10/2021 00:00:00,"108715,00"
26/10/2021 00:00:00,"106420,00"
27/10/2021 00:00:00,"106363,00"
28/10/2021 00:00:00,"105705,00"
29/10/2021 00:00:00,"103501,00"
01/11/2021 00:00:00,"105551,00"
03/11/2021 00:00:00,"105617,00"
04/11/2021 00:00:00,"103412,00"
05/11/2021 00:00:00,"104824,00"
08/11/2021 00:00:00,"104781,00"
09/11/2021 00:00:00,"105535,00"
10/11/2021 00:00:00,"105968,00"
11/11/2021 00:00:00,"107725,00"
12/11/2021 00:00:00,"106312,00"
16/11/2021 00:00:00,"104508,00"
17/11/2021 00:00:00,"102945,00"
18/11/2021 00:00:00,"102524,00"
19/11/2021 00:00:00,"103035,00"
22/11/2021 00:00:00,"102122,00"
23/11/2021 00:00:00,"103663,00"
24/11/2021 00:00:00,"104514,00"
25/11/2021 00:00:00,"105811,00"
26/11/2021 00:00:00,"102224,00"
29/11/2021 00:00:00,"102814,00"
30/11/2021 00:00:00,"101915,00"
01/12/2021 00:00:00,"100775,00"
02/12/2021 00:00:00,"104466,00"
03/12/2021 00:00:00,"105070,00"
06/12/2021 00:00:00,"106859,00"
07/12/2021 00:00:00,"107558,00"
08/12/2021 00:00:00,"108096,00"
09/12/2021 00:00:00,"106291,00"
10/12/2021 00:00:00,"107758,00"
13/12/2021 00:00:00,"107383,00"
14/12/2021 00:00:00,"106760,00"
15/12/2021 00:00:00,"107370,00"
16/12/2021 00:00:00,"108212,00"
17/12/2021 00:00:00,"107201,00"
20/12/2021 00:00:00,"105020,00"
21/12/2021 00:00:00,"105500,00"
22/12/2021 00:00:00,"105244,00"
23/12/2021 00:00:00,"104891,00"
27/12/2021 00:00:00,"105531,00"
28/12/2021 00:00:00,"104864,00"
29/12/2021 00:00:00,"104107,00"
30/12/2021 00:00:00,"104822,00"
03/01/2022 00:00:00,"103922,00"
04/01/2022 00:00:00,"103514,00"
05/01/2022 00:00:00,"101006,00"
06/01/2022 00:00:00,"101561,00"
07/01/2022 00:00:00,"102719,00"
10/01/2022 00:00:00,"101945,00"
11/01/2022 00:00:00,"103779,00"
12/01/2022 00:00:00,"105686,00"
13/01/2022 00:00:00,"105530,00"
14/01/2022 00:00:00,"106928,00"
17/01/2022 00:00:00,"106692,00"
18/01/2022 00:00:00,"106522,00"
19/01/2022 00:00:00,"108013,00"
20/01/2022 00:00:00,"109102,00"
21/01/2022 00:00:00,"108942,00"
24/01/2022 00:00:00,"107752,00"
25/01/2022 00:00:00,"109845,00"
26/01/2022 00:00:00,"111573,00"
27/01/2022 00:00:00,"112315,00"
28/01/2022 00:00:00,"111478,00"
31/01/2022 00:00:00,"112388,00"
01/02/2022 00:00:00,"113147,00"
02/02/2022 00:00:00,"112161,00"
03/02/2022 00:00:00,"111696,00"
04/02/2022 00:00:00,"112245,00"
07/02/2022 00:00:00,"111996,00"
08/02/2022 00:00:00,"112234,00"
09/02/2022 00:00:00,"112461,00"
10/02/2022 00:00:00,"113359,00"
11/02/2022 00:00:00,"113572,00"
14/02/2022 00:00:00,"113807,00"
15/02/2022 00:00:00,"114660,00"
16/02/2022 00:00:00,"115181,00"
17/02/2022 00:00:00,"113528,00"
18/02/2022 00:00:00,"112768,00"
21/02/2022 00:00:00,"111725,00"
22/02/2022 00:00:00,"112892,00"
23/02/2022 00:00:00,"112008,00"
24/02/2022 00:00:00,"111592,00"
25/02/2022 00:00:00,"113142,00"
02/03/2022 00:00:00,"115174,00"
03/03/2022 00:00:00,"115166,00"
04/03/2022 00:00:00,"114474,00"
07/03/2022 00:00:00,"111593,00"
08/03/2022 00:00:00,"111203,00"
09/03/2022 00:00:00,"113900,00"
10/03/2022 00:00:00,"113663,00"
11/03/2022 00:00:00,"111713,00"
14/03/2022 00:00:00,"109928,00"
15/03/2022 00:00:00,"108959,00"
16/03/2022 00:00:00,"111112,00"
17/03/2022 00:00:00,"113076,00"
18/03/2022 00:00:00,"115311,00"
21/03/2022 00:00:00,"116155,00"
22/03/2022 00:00:00,"117272,00"
23/03/2022 00:00:00,"117457,00"
24/03/2022 00:00:00,"119053,00"
25/03/2022 00:00:00,"119081,00"
28/03/2022 00:00:00,"118738,00"
29/03/2022 00:00:00,"120014,00"
30/03/2022 00:00:00,"120260,00"
31/03/2022 00:00:00,"119999,00"
01/04/2022 00:00:00,"121570,00"
04/04/2022 00:00:00,"121280,00"
05/04/2022 00:00:00,"118885,00"
06/04/2022 00:00:00,"118228,00"
07/04/2022 00:00:00,"118862,00"
08/04/2022 00:00:00,"118322,00"
11/04/2022 00:00:00,"116953,00"
12/04/2022 00:00:00,"116147,00"
13/04/2022 00:00:00,"116782,00"
14/04/2022 00:00:00,"116182,00"
18/04/2022 00:00:00,"115687,00"
19/04/2022 00:00:00,"115057,00"
20/04/2022 00:00:00,"114344,00"
22/04/2022 00:00:00,"111078,00"
25/04/2022 00:00:00,"110685,00"
26/04/2022 00:00:00,"108213,00"
27/04/2022 00:00:00,"109349,00"
28/04/2022 00:00:00,"109919,00"
29/04/2022 00:00:00,"107876,00"
02/05/2022 00:00:00,"106639,00"
03/05/2022 00:00:00,"106528,00"
04/05/2022 00:00:00,"108344,00"
05/05/2022 00:00:00,"105304,00"
06/05/2022 00:00:00,"105135,00"
09/05/2022 00:00:00,"103250,00"
10/05/2022 00:00:00,"103110,00"
11/05/2022 00:00:00,"104397,00"
12/05/2022 00:00:00,"105688,00"
13/05/2022 00:00:00,"106924,00"
16/05/2022 00:00:00,"108233,00"
17/05/2022 00:00:00,"108789,00"
18/05/2022 00:00:00,"106247,00"
19/05/2022 00:00:00,"107005,00"
20/05/2022 00:00:00,"108488,00"
23/05/2022 00:00:00,"110346,00"
24/05/2022 00:00:00,"110581,00"
25/05/2022 00:00:00,"110580,00"
26/05/2022 00:00:00,"111890,00"
27/05/2022 00:00:00,"111942,00"
30/05/2022 00:00:00,"111032,00"
31/05/2022 00:00:00,"111351,00"
01/06/2022 00:00:00,"111360,00"
02/06/2022 00:00:00,"112393,00"
03/06/2022 00:00:00,"111102,00"
06/06/2022 00:00:00,"110186,00"
07/06/2022 00:00:00,"110070,00"
08/06/2022 00:00:00,"108368,00"
09/06/2022 00:00:00,"107094,00"
10/06/2022 00:00:00,"105481,00"
13/06/2022 00:00:00,"102598,00"
14/06/2022 00:00:00,"102063,00"
15/06/2022 00:00:00,"102807,00"
17/06/2022 00:00:00,"99825,00"
20/06/2022 00:00:00,"99853,00"
21/06/2022 00:00:00,"99685,00"
22/06/2022 00:00:00,"99522,00"
23/06/2022 00:00:00,"98080,00"
24/06/2022 00:00:00,"98672,00"
27/06/2022 00:00:00,"100764,00"
28/06/2022 00:00:00,"100591,00"
29/06/2022 00:00:00,"99622,00"
30/06/2022 00:00:00,"98542,00"
01/07/2022 00:00:00,"98954,00"
04/07/2022 00:00:00,"98609,00"
05/07/2022 00:00:00,"98295,00"
06/07/2022 00:00:00,"98719,00"
07/07/2022 00:00:00,"100730,00"
08/07/2022 00:00:00,"100289,00"
11/07/2022 00:00:00,"98212,00"
12/07/2022 00:00:00,"98271,00"
13/07/2022 00:00:00,"97881,00"
14/07/2022 00:00:00,"96121,00"
15/07/2022 00:00:00,"96551,00"
18/07/2022 00:00:00,"96916,00"
19/07/2022 00:00:00,"98245,00"
20/07/2022 00:00:00,"98287,00"
21/07/2022 00:00:00,"99033,00"
22/07/2022 00:00:00,"98925,00"
25/07/2022 00:00:00,"100270,00"
26/07/2022 00:00:00,"99772,00"
27/07/2022 00:00:00,"101438,00"
28/07/2022 00:00:00,"102597,00"
29/07/2022 00:00:00,"103165,00"
01/08/2022 00:00:00,"102225,00"
02/08/2022 00:00:00,"103362,00"
03/08/2022 00:00:00,"103775,00"
04/08/2022 00:00:00,"105892,00"
05/08/2022 00:00:00,"106472,00"
08/08/2022 00:00:00,"108402,00"
09/08/2022 00:00:00,"108651,00"
10/08/2022 00:00:00,"110236,00"
11/08/2022 00:00:00,"109718,00"
12/08/2022 00:00:00,"112764,00"
15/08/2022 00:00:00,"113032,00"
16/08/2022 00:00:00,"113512,00"
17/08/2022 00:00:00,"113708,00"
18/08/2022 00:00:00,"113813,00"
19/08/2022 00:00:00,"111496,00"
22/08/2022 00:00:00,"110501,00"
23/08/2022 00:00:00,"112857,00"
24/08/2022 00:00:00,"112898,00"
25/08/2022 00:00:00,"113532,00"
26/08/2022 00:00:00,"112299,00"
29/08/2022 00:00:00,"112323,00"
30/08/2022 00:00:00,"110431,00"
31/08/2022 00:00:00,"109523,00"
01/09/2022 00:00:00,"110405,00"
02/09/2022 00:00:00,"110864,00"
05/09/2022 00:00:00,"112203,00"
06/09/2022 00:00:00,"109764,00"
08/09/2022 00:00:00,"109916,00"
09/09/2022 00:00:00,"112300,00"
12/09/2022 00:00:00,"113407,00"
13/09/2022 00:00:00,"110794,00"
14/09/2022 00:00:00,"110547,00"
15/09/2022 00:00:00,"109954,00"
16/09/2022 00:00:00,"109280,00"
19/09/2022 00:00:00,"111824,00"
20/09/2022 00:00:00,"112517,00"
21/09/2022 00:00:00,"111936,00"
22/09/2022 00:00:00,"114070,00"
23/09/2022 00:00:00,"111716,00"
26/09/2022 00:00:00,"109114,00"
27/09/2022 00:00:00,"108376,00"
28/09/2022 00:00:00,"108451,00"
29/09/2022 00:00:00,"107664,00"
30/09/2022 00:00:00,"110037,00"
03/10/2022 00:00:00,"116134,00"
04/10/2022 00:00:00,"116230,00"
05/10/2022 00:00:00,"117198,00"
06/10/2022 00:00:00,"117561,00"
07/10/2022 00:00:00,"116375,00"
10/10/2022 00:00:00,"115941,00"
11/10/2022 00:00:00,"114827,00"
13/10/2022 00:00:00,"114300,00"
14/10/2022 00:00:00,"112072,00"
17/10/2022 00:00:00,"113624,00"
18/10/2022 00:00:00,"115743,00"
19/10/2022 00:00:00,"116274,00"
20/10/2022 00:00:00,"117171,00"
21/10/2022 00:00:00,"119929,00"
24/10/2022 00:00:00,"116013,00"
25/10/2022 00:00:00,"114626,00"
26/10/2022 00:00:00,"112764,00"
27/10/2022 00:00:00,"114641,00"
28/10/2022 00:00:00,"114539,00"
31/10/2022 00:00:00,"116037,00"
01/11/2022 00:00:00,"116929,00"
03/11/2022 00:00:00,"116896,00"
04/11/2022 00:00:00,"118155,00"
07/11/2022 00:00:00,"115342,00"
08/11/2022 00:00:00,"116160,00"
09/11/2022 00:00:00,"113580,00"
10/11/2022 00:00:00,"109775,00"
11/11/2022 00:00:00,"112253,00"
14/11/2022 00:00:00,"113161,00"
16/11/2022 00:00:00,"110243,00"
17/11/2022 00:00:00,"109703,00"
18/11/2022 00:00:00,"108880,00"
21/11/2022 00:00:00,"109748,00"
22/11/2022 00:00:00,"109037,00"
23/11/2022 00:00:00,"108683,00"
24/11/2022 00:00:00,"111831,00"
25/11/2022 00:00:00,"108977,00"
28/11/2022 00:00:00,"108782,00"
29/11/2022 00:00:00,"110910,00"
30/11/2022 00:00:00,"112486,00"
01/12/2022 00:00:00,"110926,00"
02/12/2022 00:00:00,"111924,00"
05/12/2022 00:00:00,"109401,00"
06/12/2022 00:00:00,"109533,00"
07/12/2022 00:00:00,"109361,00"
08/12/2022 00:00:00,"107245,00"
09/12/2022 00:00:00,"107689,00"
12/12/2022 00:00:00,"105264,00"
13/12/2022 00:00:00,"103892,00"
14/12/2022 00:00:00,"103803,00"
15/12/2022 00:00:00,"103738,00"
16/12/2022 00:00:00,"102825,00"
19/12/2022 00:00:00,"104530,00"
20/12/2022 00:00:00,"106979,00"
21/12/2022 00:00:00,"107313,00"
22/12/2022 00:00:00,"107317,00"
23/12/2022 00:00:00,"109698,00"
26/12/2022 00:00:00,"108738,00"
27/12/2022 00:00:00,"108347,00"
28/12/2022 00:00:00,"110237,00"
29/12/2022 00:00:00,"110031,00"
02/01/2023 00:00:00,"106376,00"
03/01/2023 00:00:00,"104166,00"
04/01/2023 00:00:00,"105334,00"
05/01/2023 00:00:00,"107518,00"
06/01/2023 00:00:00,"108836,00"
09/01/2023 00:00:00,"109227,00"
10/01/2023 00:00:00,"110912,00"
11/01/2023 00:00:00,"111763,00"
12/01/2023 00:00:00,"111877,00"
13/01/2023 00:00:00,"110916,00"
16/01/2023 00:00:00,"109213,00"
17/01/2023 00:00:00,"111439,00"
18/01/2023 00:00:00,"112452,00"
19/01/2023 00:00:00,"113006,00"
20/01/2023 00:00:00,"112301,00"
23/01/2023 00:00:00,"111709,00"
24/01/2023 00:00:00,"113028,00"
25/01/2023 00:00:00,"114195,00"
26/01/2023 00:00:00,"114109,00"
27/01/2023 00:00:00,"112502,00"
30/01/2023 00:00:00,"111888,00"
31/01/2023 00:00:00,"113532,00"
01/02/2023 00:00:00,"112303,00"
02/02/2023 00:00:00,"109935,00"
03/02/2023 00:00:00,"108490,00"
06/02/2023 00:00:00,"108456,00"
07/02/2023 00:00:00,"107920,00"
08/02/2023 00:00:00,"109882,00"
09/02/2023 00:00:00,"107783,00"
10/02/2023 00:00:00,"108150,00"
13/02/2023 00:00:00,"108846,00"
14/02/2023 00:00:00,"107659,00"
15/02/2023 00:00:00,"109442,00"
16/02/2023 00:00:00,"109905,00"
17/02/2023 00:00:00,"109303,00"
22/02/2023 00:00:00,"107152,00"
23/02/2023 00:00:00,"107720,00"
24/02/2023 00:00:00,"105873,00"
27/02/2023 00:00:00,"105711,00"
28/02/2023 00:00:00,"104932,00"
01/03/2023 00:00:00,"104385,00"
02/03/2023 00:00:00,"103326,00"
03/03/2023 00:00:00,"103866,00"
06/03/2023 00:00:00,"104700,00"
07/03/2023 00:00:00,"104228,00"
08/03/2023 00:00:00,"106540,00"
09/03/2023 00:00:00,"105071,00"
10/03/2023 00:00:00,"103618,00"
13/03/2023 00:00:00,"103121,00"
14/03/2023 00:00:00,"102932,00"
15/03/2023 00:00:00,"102675,00"
16/03/2023 00:00:00,"103435,00"
17/03/2023 00:00:00,"101982,00"
20/03/2023 00:00:00,"100923,00"
21/03/2023 00:00:00,"100998,00"
22/03/2023 00:00:00,"100221,00"
23/03/2023 00:00:00,"97926,00"
24/03/2023 00:00:00,"98829,00"
27/03/2023 00:00:00,"99670,00"
28/03/2023 00:00:00,"101185,00"
29/03/2023 00:00:00,"101793,00"
30/03/2023 00:00:00,"103713,00"
31/03/2023 00:00:00,"101882,00"
03/04/2023 00:00:00,"101506,00"
04/04/2023 00:00:00,"101869,00"
05/04/2023 00:00:00,"100978,00"
06/04/2023 00:00:00,"100822,00"
10/04/2023 00:00:00,"101847,00"
11/04/2023 00:00:00,"106214,00"
12/04/2023 00:00:00,"106890,00"
13/04/2023 00:00:00,"106458,00"
14/04/2023 00:00:00,"106279,00"
17/04/2023 00:00:00,"106016,00"
18/04/2023 00:00:00,"106163,00"
19/04/2023 00:00:00,"103913,00"
20/04/2023 00:00:00,"104367,00"
24/04/2023 00:00:00,"103947,00"
25/04/2023 00:00:00,"103220,00"
26/04/2023 00:00:00,"102312,00"
27/04/2023 00:00:00,"102923,00"
28/04/2023 00:00:00,"104432,00"
02/05/2023 00:00:00,"101927,00"
03/05/2023 00:00:00,"101797,00"
04/05/2023 00:00:00,"102174,00"
05/05/2023 00:00:00,"105148,00"
08/05/2023 00:00:00,"106042,00"
09/05/2023 00:00:00,"107114,00"
10/05/2023 00:00:00,"107448,00"
11/05/2023 00:00:00,"108256,00"
12/05/2023 00:00:00,"108464,00"
15/05/2023 00:00:00,"109029,00"
16/05/2023 00:00:00,"108194,00"
17/05/2023 00:00:00,"109460,00"
18/05/2023 00:00:00,"110108,00"
19/05/2023 00:00:00,"110745,00"
22/05/2023 00:00:00,"110213,00"
23/05/2023 00:00:00,"109929,00"
24/05/2023 00:00:00,"108800,00"
25/05/2023 00:00:00,"110054,00"
26/05/2023 00:00:00,"110906,00"
29/05/2023 00:00:00,"110333,00"
30/05/2023 00:00:00,"108967,00"
31/05/2023 00:00:00,"108335,00"
01/06/2023 00:00:00,"110565,00"
02/06/2023 00:00:00,"112558,00"
05/06/2023 00:00:00,"112696,00"
06/06/2023 00:00:00,"114610,00"
07/06/2023 00:00:00,"115488,00"
09/06/2023 00:00:00,"117019,00"
12/06/2023 00:00:00,"117336,00"
13/06/2023 00:00:00,"116743,00"
14/06/2023 00:00:00,"119069,00"
15/06/2023 00:00:00,"119221,00"
16/06/2023 00:00:00,"118758,00"
19/06/2023 00:00:00,"119858,00"
20/06/2023 00:00:00,"119622,00"
21/06/2023 00:00:00,"120420,00"
22/06/2023 00:00:00,"118934,00"
23/06/2023 00:00:00,"118977,00"
26/06/2023 00:00:00,"118243,00"
27/06/2023 00:00:00,"117523,00"
28/06/2023 00:00:00,"116681,00"
29/06/2023 00:00:00,"118383,00"
30/06/2023 00:00:00,"118087,00"
03/07/2023 00:00:00,"119673,00"
04/07/2023 00:00:00,"119076,00"
05/07/2023 00:00:00,"119549,00"
06/07/2023 00:00:00,"117426,00"
07/07/2023 00:00:00,"118898,00"
10/07/2023 00:00:00,"117942,00"
11/07/2023 00:00:00,"117220,00"
12/07/2023 00:00:00,"117666,00"
13/07/2023 00:00:00,"119264,00"
14/07/2023 00:00:00,"117711,00"
17/07/2023 00:00:00,"118219,00"
18/07/2023 00:00:00,"117841,00"
19/07/2023 00:00:00,"117552,00"
20/07/2023 00:00:00,"118083,00"
21/07/2023 00:00:00,"120217,00"
24/07/2023 00:00:00,"121342,00"
25/07/2023 00:00:00,"122008,00"
26/07/2023 00:00:00,"122560,00"
27/07/2023 00:00:00,"119990,00"
28/07/2023 00:00:00,"120187,00"
31/07/2023 00:00:00,"121943,00"
01/08/2023 00:00:00,"121248,00"
02/08/2023 00:00:00,"120859,00"
03/08/2023 00:00:00,"120586,00"
04/08/2023 00:00:00,"119508,00"
07/08/2023 00:00:00,"119380,00"
08/08/2023 00:00:00,"119090,00"
09/08/2023 00:00:00,"118409,00"
10/08/2023 00:00:00,"118350,00"
11/08/2023 00:00:00,"118065,00"
14/08/2023 00:00:00,"116810,00"
15/08/2023 00:00:00,"116171,00"
16/08/2023 00:00:00,"115592,00"
17/08/2023 00:00:00,"114982,00"
18/08/2023 00:00:00,"115409,00"
21/08/2023 00:00:00,"114429,00"
22/08/2023 00:00:00,"116156,00"
23/08/2023 00:00:00,"118135,00"
24/08/2023 00:00:00,"117026,00"
25/08/2023 00:00:00,"115837,00"
28/08/2023 00:00:00,"117121,00"
29/08/2023 00:00:00,"118404,00"
30/08/2023 00:00:00,"117535,00"
31/08/2023 00:00:00,"115742,00"
01/09/2023 00:00:00,"117893,00"
04/09/2023 00:00:00,"117777,00"
05/09/2023 00:00:00,"117331,00"
06/09/2023 00:00:00,"115985,00"
08/09/2023 00:00:00,"115313,00"
11/09/2023 00:00:00,"116883,00"
12/09/2023 00:00:00,"117968,00"
13/09/2023 00:00:00,"118176,00"
14/09/2023 00:00:00,"119392,00"
15/09/2023 00:00:00,"118758,00"
18/09/2023 00:00:00,"118288,00"
19/09/2023 00:00:00,"117846,00"
20/09/2023 00:00:00,"118695,00"
21/09/2023 00:00:00,"116145,00"
22/09/2023 00:00:00,"116009,00"
25/09/2023 00:00:00,"115925,00"
26/09/2023 00:00:00,"114193,00"
27/09/2023 00:00:00,"114327,00"
28/09/2023 00:00:00,"115731,00"
29/09/2023 00:00:00,"116565,00"
02/10/2023 00:00:00,"115057,00"
03/10/2023 00:00:00,"113419,00"
04/10/2023 00:00:00,"113607,00"
05/10/2023 00:00:00,"113284,00"
06/10/2023 00:00:00,"114170,00"
09/10/2023 00:00:00,"115156,00"
10/10/2023 00:00:00,"116737,00"
11/10/2023 00:00:00,"117051,00"
13/10/2023 00:00:00,"115754,00"
16/10/2023 00:00:00,"116534,00"
17/10/2023 00:00:00,"115908,00"
18/10/2023 00:00:00,"114060,00"
19/10/2023 00:00:00,"114004,00"
20/10/2023 00:00:00,"113155,00"
23/10/2023 00:00:00,"112785,00"
24/10/2023 00:00:00,"113762,00"
25/10/2023 00:00:00,"112830,00"
26/10/2023 00:00:00,"114777,00"
27/10/2023 00:00:00,"113301,00"
30/10/2023 00:00:00,"112532,00"
31/10/2023 00:00:00,"113144,00"
01/11/2023 00:00:00,"115053,00"
03/11/2023 00:00:00,"118160,00"
06/11/2023 00:00:00,"118487,00"
07/11/2023 00:00:00,"119268,00"
08/11/2023 00:00:00,"119099,00"
09/11/2023 00:00:00,"119012,00"
10/11/2023 00:00:00,"120636,00"
13/11/2023 00:00:00,"120376,00"
14/11/2023 00:00:00,"123328,00"
16/11/2023 00:00:00,"124576,00"
17/11/2023 00:00:00,"125062,00"
20/11/2023 00:00:00,"126095,00"
21/11/2023 00:00:00,"125607,00"
22/11/2023 00:00:00,"126035,00"
23/11/2023 00:00:00,"126576,00"
24/11/2023 00:00:00,"125542,00"
27/11/2023 00:00:00,"125683,00"
28/11/2023 00:00:00,"126538,00"
29/11/2023 00:00:00,"126101,00"
30/11/2023 00:00:00,"127331,00"
01/12/2023 00:00:00,"128103,00"
04/12/2023 00:00:00,"126803,00"
05/12/2023 00:00:00,"126903,00"
06/12/2023 00:00:00,"125623,00"
07/12/2023 00:00:00,"126010,00"
08/12/2023 00:00:00,"127094,00"
11/12/2023 00:00:00,"126916,00"
12/12/2023 00:00:00,"126403,00"
13/12/2023 00:00:00,"129465,00"
14/12/2023 00:00:00,"130842,00"
15/12/2023 00:00:00,"130197,00"
18/12/2023 00:00:00,"131084,00"
19/12/2023 00:00:00,"131851,00"
20/12/2023 00:00:00,"130804,00"
21/12/2023 00:00:00,"132182,00"
22/12/2023 00:00:00,"132753,00"
26/12/2023 00:00:00,"133533,00"
27/12/2023 00:00:00,"134194,00"
28/12/2023 00:00:00,"134185,00"
02/01/2024 00:00:00,"132697,00"
03/01/2024 00:00:00,"132834,00"
04/01/2024 00:00:00,"131226,00"
05/01/2024 00:00:00,"132023,00"
08/01/2024 00:00:00,"132427,00"
09/01/2024 00:00:00,"131447,00"
10/01/2024 00:00:00,"130841,00"
11/01/2024 00:00:00,"130649,00"
12/01/2024 00:00:00,"130988,00"
15/01/2024 00:00:00,"131521,00"
16/01/2024 00:00:00,"129294,00"
17/01/2024 00:00:00,"128524,00"
18/01/2024 00:00:00,"127316,00"
19/01/2024 00:00:00,"127636,00"
22/01/2024 00:00:00,"126602,00"
23/01/2024 00:00:00,"128263,00"
24/01/2024 00:00:00,"127816,00"
25/01/2024 00:00:00,"128169,00"
26/01/2024 00:00:00,"128967,00"
29/01/2024 00:00:00,"128503,00"
30/01/2024 00:00:00,"127402,00"
31/01/2024 00:00:00,"127752,00"
01/02/2024 00:00:00,"128481,00"
02/02/2024 00:00:00,"127182,00"
05/02/2024 00:00:00,"127593,00"
06/02/2024 00:00:00,"130416,00"
07/02/2024 00:00:00,"129608,00"
08/02/2024 00:00:00,"128217,00"
09/02/2024 00:00:00,"128026,00"
14/02/2024 00:00:00,"127018,00"
15/02/2024 00:00:00,"127804,00"
16/02/2024 00:00:00,"128726,00"
19/02/2024 00:00:00,"129036,00"
20/02/2024 00:00:00,"129916,00"
21/02/2024 00:00:00,"130032,00"
22/02/2024 00:00:00,"130241,00"
23/02/2024 00:00:00,"129419,00"
26/02/2024 00:00:00,"129609,00"
27/02/2024 00:00:00,"131689,00"
28/02/2024 00:00:00,"130155,00"
29/02/2024 00:00:00,"129020,00"
01/03/2024 00:00:00,"129180,00"
04/03/2024 00:00:00,"128341,00"
05/03/2024 00:00:00,"128098,00"
06/03/2024 00:00:00,"128890,00"
07/03/2024 00:00:00,"128340,00"
08/03/2024 00:00:00,"127071,00"
11/03/2024 00:00:00,"126124,00"
12/03/2024 00:00:00,"127668,00"
13/03/2024 00:00:00,"128006,00"
14/03/2024 00:00:00,"127690,00"
15/03/2024 00:00:00,"126742,00"
18/03/2024 00:00:00,"126954,00"
19/03/2024 00:00:00,"127529,00"
20/03/2024 00:00:00,"129125,00"
21/03/2024 00:00:00,"128159,00"
22/03/2024 00:00:00,"127027,00"
25/03/2024 00:00:00,"126931,00"
26/03/2024 00:00:00,"126863,00"
27/03/2024 00:00:00,"127691,00"
28/03/2024 00:00:00,"128106,00"
01/04/2024 00:00:00,"126990,00"
02/04/2024 00:00:00,"127549,00"
03/04/2024 00:00:00,"127318,00"
04/04/2024 00:00:00,"127428,00"
05/04/2024 00:00:00,"126795,00"
08/04/2024 00:00:00,"128857,00"
09/04/2024 00:00:00,"129890,00"
10/04/2024 00:00:00,"128054,00"
11/04/2024 00:00:00,"127396,00"
12/04/2024 00:00:00,"125946,00"
15/04/2024 00:00:00,"125334,00"
16/04/2024 00:00:00,"124389,00"
17/04/2024 00:00:00,"124171,00"
18/04/2024 00:00:00,"124196,00"
19/04/2024 00:00:00,"125124,00"
22/04/2024 00:00:00,"125573,00"
23/04/2024 00:00:00,"125148,00"
24/04/2024 00:00:00,"124741,00"
25/04/2024 00:00:00,"124646,00"
26/04/2024 00:00:00,"126526,00"
29/04/2024 00:00:00,"127352,00"
30/04/2024 00:00:00,"125924,00"
02/05/2024 00:00:00,"127122,00"
03/05/2024 00:00:00,"128509,00"
06/05/2024 00:00:00,"128466,00"
07/05/2024 00:00:00,"129210,00"
08/05/2024 00:00:00,"129481,00"
09/05/2024 00:00:00,"128188,00"
10/05/2024 00:00:00,"127600,00"
13/05/2024 00:00:00,"128155,00"
14/05/2024 00:00:00,"128515,00"
15/05/2024 00:00:00,"128028,00"
16/05/2024 00:00:00,"128284,00"
17/05/2024 00:00:00,"128151,00"
20/05/2024 00:00:00,"127751,00"
21/05/2024 00:00:00,"127412,00"
22/05/2024 00:00:00,"125650,00"
23/05/2024 00:00:00,"124729,00"
24/05/2024 00:00:00,"124306,00"
27/05/2024 00:00:00,"124496,00"
28/05/2024 00:00:00,"123780,00"
29/05/2024 00:00:00,"122707,00"
31/05/2024 00:00:00,"122098,00"
03/06/2024 00:00:00,"122032,00"
04/06/2024 00:00:00,"121802,00"
05/06/2024 00:00:00,"121407,00"
06/06/2024 00:00:00,"122899,00"
07/06/2024 00:00:00,"120767,00"
10/06/2024 00:00:00,"120760,00"
11/06/2024 00:00:00,"121635,00"
12/06/2024 00:00:00,"119936,00"
13/06/2024 00:00:00,"119568,00"
14/06/2024 00:00:00,"119662,00"
17/06/2024 00:00:00,"119138,00"
18/06/2024 00:00:00,"119630,00"
19/06/2024 00:00:00,"120261,00"
20/06/2024 00:00:00,"120446,00"
21/06/2024 00:00:00,"121341,00"
24/06/2024 00:00:00,"122637,00"
25/06/2024 00:00:00,"122331,00"
26/06/2024 00:00:00,"122641,00"
27/06/2024 00:00:00,"124308,00"
28/06/2024 00:00:00,"123907,00"
01/07/2024 00:00:00,"124718,00"
02/07/2024 00:00:00,"124787,00"
03/07/2024 00:00:00,"125662,00"
04/07/2024 00:00:00,"126164,00"
05/07/2024 00:00:00,"126267,00"
08/07/2024 00:00:00,"126548,00"
09/07/2024 00:00:00,"127108,00"
10/07/2024 00:00:00,"127218,00"
11/07/2024 00:00:00,"128294,00"
12/07/2024 00:00:00,"128897,00"
15/07/2024 00:00:00,"129321,00"
16/07/2024 00:00:00,"129110,00"
17/07/2024 00:00:00,"129450,00"
18/07/2024 00:00:00,"127652,00"
19/07/2024 00:00:00,"127616,00"
22/07/2024 00:00:00,"127860,00"
23/07/2024 00:00:00,"126590,00"
24/07/2024 00:00:00,"126423,00"
25/07/2024 00:00:00,"125954,00"
26/07/2024 00:00:00,"127492,00"
29/07/2024 00:00:00,"126954,00"
30/07/2024 00:00:00,"126139,00"
31/07/2024 00:00:00,"127652,00"
01/08/2024 00:00:00,"127395,00"
02/08/2024 00:00:00,"125854,00"
05/08/2024 00:00:00,"125270,00"
06/08/2024 00:00:00,"126267,00"
07/08/2024 00:00:00,"127514,00"
08/08/2024 00:00:00,"128661,00"
09/08/2024 00:00:00,"130615,00"
12/08/2024 00:00:00,"131116,00"
13/08/2024 00:00:00,"132398,00"
14/08/2024 00:00:00,"133318,00"
15/08/2024 00:00:00,"134153,00"
16/08/2024 00:00:00,"133953,00"
19/08/2024 00:00:00,"135778,00"
20/08/2024 00:00:00,"136087,00"
21/08/2024 00:00:00,"136464,00"
22/08/2024 00:00:00,"135173,00"
23/08/2024 00:00:00,"135608,00"
26/08/2024 00:00:00,"136889,00"
27/08/2024 00:00:00,"136776,00"
28/08/2024 00:00:00,"137344,00"
29/08/2024 00:00:00,"136041,00"
30/08/2024 00:00:00,"136004,00"
02/09/2024 00:00:00,"134981,00"
03/09/2024 00:00:00,"134353,00"
04/09/2024 00:00:00,"136111,00"
05/09/2024 00:00:00,"136502,00"
06/09/2024 00:00:00,"134572,00"
09/09/2024 00:00:00,"134737,00"
10/09/2024 00:00:00,"134320,00"
11/09/2024 00:00:00,"134677,00"
12/09/2024 00:00:00,"134029,00"
13/09/2024 00:00:00,"134882,00"
16/09/2024 00:00:00,"135118,00"
17/09/2024 00:00:00,"134960,00"
18/09/2024 00:00:00,"133748,00"
19/09/2024 00:00:00,"133123,00"
20/09/2024 00:00:00,"131065,00"
23/09/2024 00:00:00,"130568,00"
24/09/2024 00:00:00,"132156,00"
25/09/2024 00:00:00,"131586,00"
26/09/2024 00:00:00,"133010,00"
27/09/2024 00:00:00,"132730,00"
30/09/2024 00:00:00,"131816,00"
01/10/2024 00:00:00,"132495,00"
02/10/2024 00:00:00,"133515,00"
03/10/2024 00:00:00,"131672,00"
04/10/2024 00:00:00,"131792,00"
07/10/2024 00:00:00,"132018,00"
08/10/2024 00:00:00,"131512,00"
09/10/2024 00:00:00,"129962,00"
10/10/2024 00:00:00,"130353,00"
11/10/2024 00:00:00,"129992,00"
14/10/2024 00:00:00,"131005,00"
15/10/2024 00:00:00,"131043,00"
16/10/2024 00:00:00,"131750,00"
17/10/2024 00:00:00,"130793,00"
18/10/2024 00:00:00,"130499,00"
21/10/2024 00:00:00,"130362,00"
22/10/2024 00:00:00,"129721,00"
23/10/2024 00:00:00,"129233,00"
24/10/2024 00:00:00,"130067,00"
25/10/2024 00:00:00,"129893,00"
28/10/2024 00:00:00,"131213,00"
29/10/2024 00:00:00,"130730,00"
30/10/2024 00:00:00,"130639,00"
31/10/2024 00:00:00,"129713,00"
01/11/2024 00:00:00,"128121,00"
04/11/2024 00:00:00,"130515,00"
05/11/2024 00:00:00,"130661,00"
06/11/2024 00:00:00,"130341,00"
07/11/2024 00:00:00,"129682,00"
08/11/2024 00:00:00,"127830,00"
11/11/2024 00:00:00,"127874,00"
12/11/2024 00:00:00,"127698,00"
13/11/2024 00:00:00,"127734,00"
14/11/2024 00:00:00,"127792,00"
18/11/2024 00:00:00,"127768,00"
19/11/2024 00:00:00,"128197,00"
21/11/2024 00:00:00,"126922,00"
22/11/2024 00:00:00,"129126,00"
25/11/2024 00:00:00,"129036,00"
26/11/2024 00:00:00,"129922,00"
27/11/2024 00:00:00,"127669,00"
28/11/2024 00:00:00,"124610,00"
29/11/2024 00:00:00,"125668,00"
02/12/2024 00:00:00,"125236,00"
03/12/2024 00:00:00,"126139,00"
04/12/2024 00:00:00,"126087,00"
05/12/2024 00:00:00,"127858,00"
06/12/2024 00:00:00,"125946,00"
09/12/2024 00:00:00,"127210,00"
10/12/2024 00:00:00,"128228,00"
11/12/2024 00:00:00,"129593,00"
12/12/2024 00:00:00,"126042,00"
13/12/2024 00:00:00,"124612,00"
16/12/2024 00:00:00,"123560,00"
17/12/2024 00:00:00,"124698,00"
18/12/2024 00:00:00,"120772,00"
19/12/2024 00:00:00,"121188,00"
20/12/2024 00:00:00,"122102,00"
23/12/2024 00:00:00,"120767,00"
26/12/2024 00:00:00,"121078,00"
27/12/2024 00:00:00,"120269,00"
30/12/2024 00:00:00,"120283,00"
02/01/2025 00:00:00,"120125,00"
03/01/2025 00:00:00,"118533,00"
06/01/2025 00:00:00,"120022,00"
07/01/2025 00:00:00,"121163,00"
08/01/2025 00:00:00,"119625,00"
09/01/2025 00:00:00,"119781,00"
10/01/2025 00:00:00,"118856,00"
13/01/2025 00:00:00,"119007,00"
14/01/2025 00:00:00,"119299,00"
15/01/2025 00:00:00,"122650,00"
16/01/2025 00:00:00,"121234,00"
17/01/2025 00:00:00,"122350,00"
20/01/2025 00:00:00,"122543,00"
21/01/2025 00:00:00,"123338,00"
22/01/2025 00:00:00,"122972,00"
23/01/2025 00:00:00,"122483,00"
24/01/2025 00:00:00,"122447,00"
27/01/2025 00:00:00,"124862,00"
28/01/2025 00:00:00,"124056,00"
29/01/2025 00:00:00,"123432,00"
30/01/2025 00:00:00,"126913,00"
31/01/2025 00:00:00,"126135,00"
03/02/2025 00:00:00,"125970,00"
04/02/2025 00:00:00,"125147,00"
05/02/2025 00:00:00,"125534,00"
06/02/2025 00:00:00,"126225,00"
07/02/2025 00:00:00,"124619,00"
10/02/2025 00:00:00,"125572,00"
11/02/2025 00:00:00,"126522,00"
12/02/2025 00:00:00,"124380,00"
13/02/2025 00:00:00,"124850,00"
14/02/2025 00:00:00,"128219,00"
17/02/2025 00:00:00,"128869,00"
18/02/2025 00:00:00,"128532,00"
19/02/2025 00:00:00,"127309,00"
20/02/2025 00:00:00,"127601,00"
21/02/2025 00:00:00,"127128,00"
24/02/2025 00:00:00,"125401,00"
25/02/2025 00:00:00,"125980,00"
26/02/2025 00:00:00,"124769,00"
27/02/2025 00:00:00,"124799,00"
28/02/2025 00:00:00,"122799,00"
05/03/2025 00:00:00,"123047,00"
06/03/2025 00:00:00,"123358,00"
07/03/2025 00:00:00,"125035,00"
10/03/2025 00:00:00,"124519,00"
11/03/2025 00:00:00,"123507,00"
12/03/2025 00:00:00,"123864,00"
13/03/2025 00:00:00,"125637,00"
14/03/2025 00:00:00,"128957,00"
17/03/2025 00:00:00,"130834,00"
18/03/2025 00:00:00,"131475,00"
19/03/2025 00:00:00,"132508,00"
20/03/2025 00:00:00,"131955,00"
21/03/2025 00:00:00,"132345,00"
24/03/2025 00:00:00,"131321,00"
25/03/2025 00:00:00,"132068,00"
26/03/2025 00:00:00,"132520,00"
27/03/2025 00:00:00,"133149,00"
28/03/2025 00:00:00,"131902,00"
31/03/2025 00:00:00,"130260,00"
01/04/2025 00:00:00,"131147,00"
02/04/2025 00:00:00,"131190,00"
03/04/2025 00:00:00,"131141,00"
04/04/2025 00:00:00,"127256,00"
07/04/2025 00:00:00,"125588,00"
08/04/2025 00:00:00,"123932,00"
09/04/2025 00:00:00,"127796,00"
10/04/2025 00:00:00,"126355,00"
11/04/2025 00:00:00,"127682,00"
14/04/2025 00:00:00,"129454,00"
15/04/2025 00:00:00,"129245,00"
16/04/2025 00:00:00,"128317,00"
17/04/2025 00:00:00,"129650,00"
22/04/2025 00:00:00,"130464,00"
23/04/2025 00:00:00,"132216,00"
24/04/2025 00:00:00,"134580,00"
25/04/2025 00:00:00,"134739,00"
28/04/2025 00:00:00,"135016,00"
29/04/2025 00:00:00,"135093,00"
30/04/2025 00:00:00,"135067,00"
02/05/2025 00:00:00,"135134,00"
05/05/2025 00:00:00,"133491,00"
06/05/2025 00:00:00,"133516,00"
07/05/2025 00:00:00,"133398,00"
08/05/2025 00:00:00,"136232,00"
09/05/2025 00:00:00,"136512,00"
12/05/2025 00:00:00,"136563,00"
13/05/2025 00:00:00,"138963,00"
14/05/2025 00:00:00,"138423,00"
15/05/2025 00:00:00,"139334,00"
16/05/2025 00:00:00,"139187,00"
19/05/2025 00:00:00,"139636,00"
20/05/2025 00:00:00,"140110,00"
21/05/2025 00:00:00,"137881,00"
22/05/2025 00:00:00,"137273,00"
23/05/2025 00:00:00,"137824,00"
26/05/2025 00:00:00,"138136,00"
27/05/2025 00:00:00,"139541,00"
28/05/2025 00:00:00,"138888,00"
29/05/2025 00:00:00,"138534,00"
30/05/2025 00:00:00,"137027,00"
02/06/2025 00:00:00,"136787,00"
03/06/2025 00:00:00,"137546,00"
04/06/2025 00:00:00,"137002,00"
05/06/2025 00:00:00,"136236,00"
06/06/2025 00:00:00,"136102,00"
09/06/2025 00:00:00,"135699,00"
10/06/2025 00:00:00,"136436,00"
11/06/2025 00:00:00,"137128,00"
12/06/2025 00:00:00,"137800,00"
13/06/2025 00:00:00,"137213,00"
16/06/2025 00:00:00,"139256,00"
17/06/2025 00:00:00,"138840,00"
18/06/2025 00:00:00,"138717,00"
20/06/2025 00:00:00,"137116,00"
23/06/2025 00:00:00,"136551,00"
24/06/2025 00:00:00,"137165,00"
25/06/2025 00:00:00,"135767,00"
26/06/2025 00:00:00,"137114,00"
27/06/2025 00:00:00,"136866,00"
30/06/2025 00:00:00,"138855,00"
01/07/2025 00:00:00,"139549,00"
02/07/2025 00:00:00,"139051,00"
03/07/2025 00:00:00,"140928,00"
04/07/2025 00:00:00,"141478,00"
07/07/2025 00:00:00,"139490,00"
08/07/2025 00:00:00,"139303,00"
09/07/2025 00:00:00,"137481,00"
10/07/2025 00:00:00,"136743,00"
11/07/2025 00:00:00,"136187,00"
14/07/2025 00:00:00,"135299,00"
15/07/2025 00:00:00,"135250,00"
16/07/2025 00:00:00,"135511,00"
17/07/2025 00:00:00,"135565,00"
18/07/2025 00:00:00,"133382,00"
21/07/2025 00:00:00,"134167,00"
22/07/2025 00:00:00,"134036,00"
23/07/2025 00:00:00,"135368,00"
24/07/2025 00:00:00,"133808,00"
25/07/2025 00:00:00,"133524,00"
28/07/2025 00:00:00,"132129,00"
29/07/2025 00:00:00,"132726,00"
30/07/2025 00:00:00,"133990,00"
31/07/2025 00:00:00,"133071,00"
01/08/2025 00:00:00,"132437,00"
04/08/2025 00:00:00,"132971,00"
05/08/2025 00:00:00,"133151,00"
06/08/2025 00:00:00,"134538,00"
07/08/2025 00:00:00,"136528,00"
08/08/2025 00:00:00,"135913,00"
11/08/2025 00:00:00,"135623,00"
12/08/2025 00:00:00,"137914,00"
13/08/2025 00:00:00,"136687,00"
14/08/2025 00:00:00,"136356,00"
15/08/2025 00:00:00,"136341,00"
18/08/2025 00:00:00,"137322,00"
19/08/2025 00:00:00,"134432,00"
20/08/2025 00:00:00,"134667,00"
21/08/2025 00:00:00,"134511,00"
22/08/2025 00:00:00,"137968,00"
25/08/2025 00:00:00,"138025,00"
26/08/2025 00:00:00,"137771,00"
27/08/2025 00:00:00,"139206,00"
28/08/2025 00:00:00,"141049,00"
29/08/2025 00:00:00,"141422,00"
01/09/2025 00:00:00,"141125,00"
02/09/2025 00:00:00,"140335,00"
03/09/2025 00:00:00,"139864,00"
04/09/2025 00:00:00,"140993,00"
05/09/2025 00:00:00,"142640,00"
08/09/2025 00:00:00,"141792,00"
09/09/2025 00:00:00,"141618,00"
10/09/2025 00:00:00,"142349,00"
11/09/2025 00:00:00,"143151,00"
12/09/2025 00:00:00,"142272,00"
15/09/2025 00:00:00,"143547,00"
16/09/2025 00:00:00,"144062,00"
17/09/2025 00:00:00,"145594,00"
18/09/2025 00:00:00,"145500,00"
19/09/2025 00:00:00,"145865,00"
22/09/2025 00:00:00,"145109,00"
23/09/2025 00:00:00,"146425,00"
24/09/2025 00:00:00,"146492,00"
25/09/2025 00:00:00,"145306,00"
26/09/2025 00:00:00,"145447,00"
29/09/2025 00:00:00,"146337,00"
30/09/2025 00:00:00,"146237,00"
01/10/2025 00:00:00,"145517,00"
02/10/2025 00:00:00,"143950,00"
03/10/2025 00:00:00,"144201,00"
06/10/2025 00:00:00,"143608,00"
07/10/2025 00:00:00,"141356,00"
08/10/2025 00:00:00,"142145,00"
09/10/2025 00:00:00,"141708,00"
10/10/2025 00:00:00,"140680,00"
13/10/2025 00:00:00,"141783,00"
14/10/2025 00:00:00,"141683,00"
15/10/2025 00:00:00,"142604,00"
16/10/2025 00:00:00,"142200,00"
17/10/2025 00:00:00,"143399,00"
20/10/2025 00:00:00,"144509,00"
21/10/2025 00:00:00,"144085,00"
22/10/2025 00:00:00,"144873,00"
23/10/2025 00:00:00,"145721,00"
24/10/2025 00:00:00,"146172,00"
27/10/2025 00:00:00,"146969,00"
28/10/2025 00:00:00,"147429,00"
29/10/2025 00:00:00,"148633,00"
30/10/2025 00:00:00,"148780,00"
31/10/2025 00:00:00,"149540,00"
03/11/2025 00:00:00,"150454,00"
04/11/2025 00:00:00,"150704,00"
05/11/2025 00:00:00,"153294,00"
06/11/2025 00:00:00,"153339,00"
07/11/2025 00:00:00,"154064,00"
10/11/2025 00:00:00,"155257,00"
11/11/2025 00:00:00,"157749,00"
12/11/2025 00:00:00,"157633,00"
13/11/2025 00:00:00,"157162,00"
14/11/2025 00:00:00,"157739,00"
17/11/2025 00:00:00,"156993,00"
18/11/2025 00:00:00,"156522,00"
19/11/2025 00:00:00,"155381,00"
21/11/2025 00:00:00,"154770,00"
24/11/2025 00:00:00,"155278,00"
25/11/2025 00:00:00,"155910,00"
26/11/2025 00:00:00,"158555,00"
27/11/2025 00:00:00,"158292,00"
28/11/2025 00:00:00,"159072,00"
01/12/2025 00:00:00,"158611,00"
02/12/2025 00:00:00,"161092,00"
03/12/2025 00:00:00,"161755,00"
04/12/2025 00:00:00,"164456,00"
05/12/2025 00:00:00,"157369,00"
08/12/2025 00:00:00,"158187,00"
09/12/2025 00:00:00,"157981,00"
10/12/2025 00:00:00,"159075,00"
11/12/2025 00:00:00,"159189,00"
12/12/2025 00:00:00,"160766,00"
15/12/2025 00:00:00,"162482,00"
16/12/2025 00:00:00,"158578,00"
17/12/2025 00:00:00,"157327,00"
18/12/2025 00:00:00,"157923,00"
19/12/2025 00:00:00,"158473,00"
22/12/2025 00:00:00,"158142,00"
23/12/2025 00:00:00,"160456,00"
26/12/2025 00:00:00,"160897,00"
29/12/2025 00:00:00,"160490,00"
30/12/2025 00:00:00,"161125,00"
02/01/2026 00:00:00,"160539,00"
05/01/2026 00:00:00,"161870,00"
06/01/2026 00:00:00,"163664,00"
07/01/2026 00:00:00,"161975,00"
08/01/2026 00:00:00,"162937,00"
09/01/2026 00:00:00,"163370,00"
12/01/2026 00:00:00,"163150,00"
13/01/2026 00:00:00,"161973,00"
14/01/2026 00:00:00,"165146,00"
15/01/2026 00:00:00,"165568,00"
16/01/2026 00:00:00,"164800,00"
19/01/2026 00:00:00,"164849,00"
20/01/2026 00:00:00,"166277,00"
21/01/2026 00:00:00,"171817,00"
22/01/2026 00:00:00,"175589,00"
23/01/2026 00:00:00,"178859,00"
26/01/2026 00:00:00,"178721,00"
27/01/2026 00:00:00,"181919,00"
28/01/2026 00:00:00,"184691,00"
29/01/2026 00:00:00,"183134,00"
30/01/2026 00:00:00,"181364,00"
02/02/2026 00:00:00,"182793,00"
03/02/2026 00:00:00,"185674,00"
04/02/2026 00:00:00,"181708,00"
05/02/2026 00:00:00,"182127,00"
06/02/2026 00:00:00,"182950,00"
09/02/2026 00:00:00,"186241,00"
10/02/2026 00:00:00,"185929,00"
11/02/2026 00:00:00,"189699,00"
12/02/2026 00:00:00,"187766,00"
13/02/2026 00:00:00,"186464,00"
18/02/2026 00:00:00,"186016,00"
19/02/2026 00:00:00,"188534,00"
20/02/2026 00:00:00,"190534,00"
23/02/2026 00:00:00,"188854,00"
24/02/2026 00:00:00,"191490,00"
25/02/2026 00:00:00,"191248,00"
26/02/2026 00:00:00,"191005,00"
27/02/2026 00:00:00,"188787,00"
02/03/2026 00:00:00,"189307,00"
03/03/2026 00:00:00,"183105,00"
04/03/2026 00:00:00,"185366,00"
05/03/2026 00:00:00,"180464,00"
06/03/2026 00:00:00,"179365,00"
09/03/2026 00:00:00,"180915,00"
10/03/2026 00:00:00,"183447,00"
11/03/2026 00:00:00,"183969,00"
12/03/2026 00:00:00,"179285,00"
13/03/2026 00:00:00,"177653,00"
16/03/2026 00:00:00,"179875,00"
17/03/2026 00:00:00,"180410,00"
18/03/2026 00:00:00,"179640,00"
19/03/2026 00:00:00,"180271,00"
20/03/2026 00:00:00,"176219,00"
23/03/2026 00:00:00,"181932,00"
24/03/2026 00:00:00,"182509,00"
25/03/2026 00:00:00,"185424,00"
26/03/2026 00:00:00,"182733,00"
27/03/2026 00:00:00,"181557,00"
30/03/2026 00:00:00,"182514,00"
31/03/2026 00:00:00,"187462,00"
01/04/2026 00:00:00,"187953,00"
02/04/2026 00:00:00,"188052,00"
06/04/2026 00:00:00,"188162,00"
07/04/2026 00:00:00,"188259,00"
08/04/2026 00:00:00,"192201,00"
09/04/2026 00:00:00,"195129,00"
10/04/2026 00:00:00,"197324,00"
13/04/2026 00:00:00,"198001,00"
14/04/2026 00:00:00,"198657,00"
15/04/2026 00:00:00,"197738,00"
16/04/2026 00:00:00,"196819,00"
17/04/2026 00:00:00,"195734,00"
20/04/2026 00:00:00,"196132,00"
22/04/2026 00:00:00,"192889,00"
23/04/2026 00:00:00,"191378,00"
24/04/2026 00:00:00,"190745,00"
27/04/2026 00:00:00,"189579,00"
28/04/2026 00:00:00,"188619,00"
29/04/2026 00:00:00,"184750,00"
30/04/2026 00:00:00,"187318,00"
04/05/2026 00:00:00,"185600,00"
05/05/2026 00:00:00,"186754,00"
06/05/2026 00:00:00,"187691,00"
07/05/2026 00:00:00,"183218,00"
08/05/2026 00:00:00,"184108,00"
11/05/2026 00:00:00,"181909,00"
12/05/2026 00:00:00,"180342,00"
13/05/2026 00:00:00,"177098,00"
14/05/2026 00:00:00,"178366,00"
15/05/2026 00:00:00,"177284,00"
18/05/2026 00:00:00,"176976,00"
19/05/2026 00:00:00,"174279,00"
20/05/2026 00:00:00,"177356,00"
21/05/2026 00:00:00,"177650,00"
22/05/2026 00:00:00,"176210,00"
25/05/2026 00:00:00,"177359,00"
26/05/2026 00:00:00,"176589,00"
27/05/2026 00:00:00,"175744,00"
28/05/2026 00:00:00,"175063,00"
29/05/2026 00:00:00,"173788,00"
01/06/2026 00:00:00,"172198,00"
02/06/2026 00:00:00,"174198,00"
03/06/2026 00:00:00,"170331,00"
05/06/2026 00:00:00,"169019,00"
08/06/2026 00:00:00,"168669,00"
09/06/2026 00:00:00,"169813,00"
10/06/2026 00:00:00,"168619,00"
11/06/2026 00:00:00,"171497,00"
12/06/2026 00:00:00,"171133,00"
15/06/2026 00:00:00,"170415,00"
16/06/2026 00:00:00,"169649,00"
17/06/2026 00:00:00,"168454,00"
18/06/2026 00:00:00,"168278,00"
19/06/2026 00:00:00,"168576,00"
22/06/2026 00:00:00,"170370,00"
23/06/2026 00:00:00,"171259,00"
24/06/2026 00:00:00,"170507,00"
25/06/2026 00:00:00,"171990,00"
26/06/2026 00:00:00,"173295,00"
29/06/2026 00:00:00,"173205,00"
30/06/2026 00:00:00,"172024,00"
01/07/2026 00:00:00,"171689,00"
02/07/2026 00:00:00,"172788,00"
03/07/2026 00:00:00,"174266,00"
06/07/2026 00:00:00,"172448,00"
07/07/2026 00:00:00,"172021,00"
08/07/2026 00:00:00,"170654,00"
09/07/2026 00:00:00,"172742,00"
10/07/2026 00:00:00,"177866,00"
13/07/2026 00:00:00,"175739,00"
14/07/2026 00:00:00,"176641,00"
15/07/2026 00:00:00,"176011,00"
16/07/2026 00:00:00,"173825,00"
17/07/2026 00:00:00,"173714,00"
20/07/2026 00:00:00,"173371,00"
21/07/2026 00:00:00,"173326,00"
22/07/2026 00:00:00,"177548,00"
23/07/2026 00:00:00,"176724,00"
24/07/2026 00:00:00,"174042,00"
27/07/2026 00:00:00,"175335,00"
28/07/2026 00:00:00,"176565,00"
29/07/2026 00:00:00,"173885,00"
30/07/2026 00:00:00,"177159,00"
31/07/2026 00:00:00,"177999,00"
03/08/2026 00:00:00,"178000,00"
04/08/2026 00:00:00,"177895,00"
05/08/2026 00:00:00,"177726,00"
06/08/2026 00:00:00,"175546,00"
07/08/2026 00:00:00,"172513,00"
10/08/2026 00:00:00,"172180,00"
11/08/2026 00:00:00,"167875,00"
12/08/2026 00:00:00,"167491,00"
13/08/2026 00:00:00,"167101,00"
14/08/2026 00:00:00,"166934,00"
17/08/2026 00:00:00,"166784,00"
18/08/2026 00:00:00,"166335,00"
19/08/2026 00:00:00,"167830,00"
20/08/2026 00:00:00,"167584,05"
21/08/2026 00:00:00,"171031,73"
24/08/2026 00:00:00,"171906,72"
